GEO.id,Id
GEO.id2,Id2
GEO.display-label,Geography
HC01_EST_VC01,Total; Estimate; Total civilian noninstitutionalized population
HC01_MOE_VC01,Total; Margin of Error; Total civilian noninstitutionalized population
HC02_EST_VC01,Number Uninsured; Estimate; Total civilian noninstitutionalized population
HC02_MOE_VC01,Number Uninsured; Margin of Error; Total civilian noninstitutionalized population
HC03_EST_VC01,Percent Uninsured; Estimate; Total civilian noninstitutionalized population
HC03_MOE_VC01,Percent Uninsured; Margin of Error; Total civilian noninstitutionalized population
HC04_EST_VC01,Number Insured by  Coverage Type; Estimate; Total civilian noninstitutionalized population
HC04_MOE_VC01,Number Insured by  Coverage Type; Margin of Error; Total civilian noninstitutionalized population
HC05_EST_VC01,Percent Insured by  Coverage Type; Estimate; Total civilian noninstitutionalized population
HC05_MOE_VC01,Percent Insured by  Coverage Type; Margin of Error; Total civilian noninstitutionalized population
HC01_EST_VC04,Total; Estimate; AGE - Under 18 years
HC01_MOE_VC04,Total; Margin of Error; AGE - Under 18 years
HC02_EST_VC04,Number Uninsured; Estimate; AGE - Under 18 years
HC02_MOE_VC04,Number Uninsured; Margin of Error; AGE - Under 18 years
HC03_EST_VC04,Percent Uninsured; Estimate; AGE - Under 18 years
HC03_MOE_VC04,Percent Uninsured; Margin of Error; AGE - Under 18 years
HC04_EST_VC04,Number Insured by  Coverage Type; Estimate; AGE - Under 18 years
HC04_MOE_VC04,Number Insured by  Coverage Type; Margin of Error; AGE - Under 18 years
HC05_EST_VC04,Percent Insured by  Coverage Type; Estimate; AGE - Under 18 years
HC05_MOE_VC04,Percent Insured by  Coverage Type; Margin of Error; AGE - Under 18 years
HC01_EST_VC05,Total; Estimate; AGE - 18 to 64 years
HC01_MOE_VC05,Total; Margin of Error; AGE - 18 to 64 years
HC02_EST_VC05,Number Uninsured; Estimate; AGE - 18 to 64 years
HC02_MOE_VC05,Number Uninsured; Margin of Error; AGE - 18 to 64 years
HC03_EST_VC05,Percent Uninsured; Estimate; AGE - 18 to 64 years
HC03_MOE_VC05,Percent Uninsured; Margin of Error; AGE - 18 to 64 years
HC04_EST_VC05,Number Insured by  Coverage Type; Estimate; AGE - 18 to 64 years
HC04_MOE_VC05,Number Insured by  Coverage Type; Margin of Error; AGE - 18 to 64 years
HC05_EST_VC05,Percent Insured by  Coverage Type; Estimate; AGE - 18 to 64 years
HC05_MOE_VC05,Percent Insured by  Coverage Type; Margin of Error; AGE - 18 to 64 years
HC01_EST_VC06,Total; Estimate; AGE - 65 years and older
HC01_MOE_VC06,Total; Margin of Error; AGE - 65 years and older
HC02_EST_VC06,Number Uninsured; Estimate; AGE - 65 years and older
HC02_MOE_VC06,Number Uninsured; Margin of Error; AGE - 65 years and older
HC03_EST_VC06,Percent Uninsured; Estimate; AGE - 65 years and older
HC03_MOE_VC06,Percent Uninsured; Margin of Error; AGE - 65 years and older
HC04_EST_VC06,Number Insured by  Coverage Type; Estimate; AGE - 65 years and older
HC04_MOE_VC06,Number Insured by  Coverage Type; Margin of Error; AGE - 65 years and older
HC05_EST_VC06,Percent Insured by  Coverage Type; Estimate; AGE - 65 years and older
HC05_MOE_VC06,Percent Insured by  Coverage Type; Margin of Error; AGE - 65 years and older
HC01_EST_VC08,Total; Estimate; 19 to 25 years
HC01_MOE_VC08,Total; Margin of Error; 19 to 25 years
HC02_EST_VC08,Number Uninsured; Estimate; 19 to 25 years
HC02_MOE_VC08,Number Uninsured; Margin of Error; 19 to 25 years
HC03_EST_VC08,Percent Uninsured; Estimate; 19 to 25 years
HC03_MOE_VC08,Percent Uninsured; Margin of Error; 19 to 25 years
HC04_EST_VC08,Number Insured by  Coverage Type; Estimate; 19 to 25 years
HC04_MOE_VC08,Number Insured by  Coverage Type; Margin of Error; 19 to 25 years
HC05_EST_VC08,Percent Insured by  Coverage Type; Estimate; 19 to 25 years
HC05_MOE_VC08,Percent Insured by  Coverage Type; Margin of Error; 19 to 25 years
HC01_EST_VC11,Total; Estimate; SEX - Male
HC01_MOE_VC11,Total; Margin of Error; SEX - Male
HC02_EST_VC11,Number Uninsured; Estimate; SEX - Male
HC02_MOE_VC11,Number Uninsured; Margin of Error; SEX - Male
HC03_EST_VC11,Percent Uninsured; Estimate; SEX - Male
HC03_MOE_VC11,Percent Uninsured; Margin of Error; SEX - Male
HC04_EST_VC11,Number Insured by  Coverage Type; Estimate; SEX - Male
HC04_MOE_VC11,Number Insured by  Coverage Type; Margin of Error; SEX - Male
HC05_EST_VC11,Percent Insured by  Coverage Type; Estimate; SEX - Male
HC05_MOE_VC11,Percent Insured by  Coverage Type; Margin of Error; SEX - Male
HC01_EST_VC12,Total; Estimate; SEX - Female
HC01_MOE_VC12,Total; Margin of Error; SEX - Female
HC02_EST_VC12,Number Uninsured; Estimate; SEX - Female
HC02_MOE_VC12,Number Uninsured; Margin of Error; SEX - Female
HC03_EST_VC12,Percent Uninsured; Estimate; SEX - Female
HC03_MOE_VC12,Percent Uninsured; Margin of Error; SEX - Female
HC04_EST_VC12,Number Insured by  Coverage Type; Estimate; SEX - Female
HC04_MOE_VC12,Number Insured by  Coverage Type; Margin of Error; SEX - Female
HC05_EST_VC12,Percent Insured by  Coverage Type; Estimate; SEX - Female
HC05_MOE_VC12,Percent Insured by  Coverage Type; Margin of Error; SEX - Female
HC01_EST_VC15,Total; Estimate; RACE AND HISPANIC OR LATINO ORIGIN - One Race
HC01_MOE_VC15,Total; Margin of Error; RACE AND HISPANIC OR LATINO ORIGIN - One Race
HC02_EST_VC15,Number Uninsured; Estimate; RACE AND HISPANIC OR LATINO ORIGIN - One Race
HC02_MOE_VC15,Number Uninsured; Margin of Error; RACE AND HISPANIC OR LATINO ORIGIN - One Race
HC03_EST_VC15,Percent Uninsured; Estimate; RACE AND HISPANIC OR LATINO ORIGIN - One Race
HC03_MOE_VC15,Percent Uninsured; Margin of Error; RACE AND HISPANIC OR LATINO ORIGIN - One Race
HC04_EST_VC15,Number Insured by  Coverage Type; Estimate; RACE AND HISPANIC OR LATINO ORIGIN - One Race
HC04_MOE_VC15,Number Insured by  Coverage Type; Margin of Error; RACE AND HISPANIC OR LATINO ORIGIN - One Race
HC05_EST_VC15,Percent Insured by  Coverage Type; Estimate; RACE AND HISPANIC OR LATINO ORIGIN - One Race
HC05_MOE_VC15,Percent Insured by  Coverage Type; Margin of Error; RACE AND HISPANIC OR LATINO ORIGIN - One Race
HC01_EST_VC16,Total; Estimate; RACE AND HISPANIC OR LATINO ORIGIN - One Race - White alone
HC01_MOE_VC16,Total; Margin of Error; RACE AND HISPANIC OR LATINO ORIGIN - One Race - White alone
HC02_EST_VC16,Number Uninsured; Estimate; RACE AND HISPANIC OR LATINO ORIGIN - One Race - White alone
HC02_MOE_VC16,Number Uninsured; Margin of Error; RACE AND HISPANIC OR LATINO ORIGIN - One Race - White alone
HC03_EST_VC16,Percent Uninsured; Estimate; RACE AND HISPANIC OR LATINO ORIGIN - One Race - White alone
HC03_MOE_VC16,Percent Uninsured; Margin of Error; RACE AND HISPANIC OR LATINO ORIGIN - One Race - White alone
HC04_EST_VC16,Number Insured by  Coverage Type; Estimate; RACE AND HISPANIC OR LATINO ORIGIN - One Race - White alone
HC04_MOE_VC16,Number Insured by  Coverage Type; Margin of Error; RACE AND HISPANIC OR LATINO ORIGIN - One Race - White alone
HC05_EST_VC16,Percent Insured by  Coverage Type; Estimate; RACE AND HISPANIC OR LATINO ORIGIN - One Race - White alone
HC05_MOE_VC16,Percent Insured by  Coverage Type; Margin of Error; RACE AND HISPANIC OR LATINO ORIGIN - One Race - White alone
HC01_EST_VC17,Total; Estimate; RACE AND HISPANIC OR LATINO ORIGIN - One Race - Black or African American alone
HC01_MOE_VC17,Total; Margin of Error; RACE AND HISPANIC OR LATINO ORIGIN - One Race - Black or African American alone
HC02_EST_VC17,Number Uninsured; Estimate; RACE AND HISPANIC OR LATINO ORIGIN - One Race - Black or African American alone
HC02_MOE_VC17,Number Uninsured; Margin of Error; RACE AND HISPANIC OR LATINO ORIGIN - One Race - Black or African American alone
HC03_EST_VC17,Percent Uninsured; Estimate; RACE AND HISPANIC OR LATINO ORIGIN - One Race - Black or African American alone
HC03_MOE_VC17,Percent Uninsured; Margin of Error; RACE AND HISPANIC OR LATINO ORIGIN - One Race - Black or African American alone
HC04_EST_VC17,Number Insured by  Coverage Type; Estimate; RACE AND HISPANIC OR LATINO ORIGIN - One Race - Black or African American alone
HC04_MOE_VC17,Number Insured by  Coverage Type; Margin of Error; RACE AND HISPANIC OR LATINO ORIGIN - One Race - Black or African American alone
HC05_EST_VC17,Percent Insured by  Coverage Type; Estimate; RACE AND HISPANIC OR LATINO ORIGIN - One Race - Black or African American alone
HC05_MOE_VC17,Percent Insured by  Coverage Type; Margin of Error; RACE AND HISPANIC OR LATINO ORIGIN - One Race - Black or African American alone
HC01_EST_VC18,Total; Estimate; RACE AND HISPANIC OR LATINO ORIGIN - One Race - American Indian and Alaska Native alone
HC01_MOE_VC18,Total; Margin of Error; RACE AND HISPANIC OR LATINO ORIGIN - One Race - American Indian and Alaska Native alone
HC02_EST_VC18,Number Uninsured; Estimate; RACE AND HISPANIC OR LATINO ORIGIN - One Race - American Indian and Alaska Native alone
HC02_MOE_VC18,Number Uninsured; Margin of Error; RACE AND HISPANIC OR LATINO ORIGIN - One Race - American Indian and Alaska Native alone
HC03_EST_VC18,Percent Uninsured; Estimate; RACE AND HISPANIC OR LATINO ORIGIN - One Race - American Indian and Alaska Native alone
HC03_MOE_VC18,Percent Uninsured; Margin of Error; RACE AND HISPANIC OR LATINO ORIGIN - One Race - American Indian and Alaska Native alone
HC04_EST_VC18,Number Insured by  Coverage Type; Estimate; RACE AND HISPANIC OR LATINO ORIGIN - One Race - American Indian and Alaska Native alone
HC04_MOE_VC18,Number Insured by  Coverage Type; Margin of Error; RACE AND HISPANIC OR LATINO ORIGIN - One Race - American Indian and Alaska Native alone
HC05_EST_VC18,Percent Insured by  Coverage Type; Estimate; RACE AND HISPANIC OR LATINO ORIGIN - One Race - American Indian and Alaska Native alone
HC05_MOE_VC18,Percent Insured by  Coverage Type; Margin of Error; RACE AND HISPANIC OR LATINO ORIGIN - One Race - American Indian and Alaska Native alone
HC01_EST_VC19,Total; Estimate; RACE AND HISPANIC OR LATINO ORIGIN - One Race - Asian alone
HC01_MOE_VC19,Total; Margin of Error; RACE AND HISPANIC OR LATINO ORIGIN - One Race - Asian alone
HC02_EST_VC19,Number Uninsured; Estimate; RACE AND HISPANIC OR LATINO ORIGIN - One Race - Asian alone
HC02_MOE_VC19,Number Uninsured; Margin of Error; RACE AND HISPANIC OR LATINO ORIGIN - One Race - Asian alone
HC03_EST_VC19,Percent Uninsured; Estimate; RACE AND HISPANIC OR LATINO ORIGIN - One Race - Asian alone
HC03_MOE_VC19,Percent Uninsured; Margin of Error; RACE AND HISPANIC OR LATINO ORIGIN - One Race - Asian alone
HC04_EST_VC19,Number Insured by  Coverage Type; Estimate; RACE AND HISPANIC OR LATINO ORIGIN - One Race - Asian alone
HC04_MOE_VC19,Number Insured by  Coverage Type; Margin of Error; RACE AND HISPANIC OR LATINO ORIGIN - One Race - Asian alone
HC05_EST_VC19,Percent Insured by  Coverage Type; Estimate; RACE AND HISPANIC OR LATINO ORIGIN - One Race - Asian alone
HC05_MOE_VC19,Percent Insured by  Coverage Type; Margin of Error; RACE AND HISPANIC OR LATINO ORIGIN - One Race - Asian alone
HC01_EST_VC20,Total; Estimate; RACE AND HISPANIC OR LATINO ORIGIN - One Race - Native Hawaiian and Other Pacific Islander alone
HC01_MOE_VC20,Total; Margin of Error; RACE AND HISPANIC OR LATINO ORIGIN - One Race - Native Hawaiian and Other Pacific Islander alone
HC02_EST_VC20,Number Uninsured; Estimate; RACE AND HISPANIC OR LATINO ORIGIN - One Race - Native Hawaiian and Other Pacific Islander alone
HC02_MOE_VC20,Number Uninsured; Margin of Error; RACE AND HISPANIC OR LATINO ORIGIN - One Race - Native Hawaiian and Other Pacific Islander alone
HC03_EST_VC20,Percent Uninsured; Estimate; RACE AND HISPANIC OR LATINO ORIGIN - One Race - Native Hawaiian and Other Pacific Islander alone
HC03_MOE_VC20,Percent Uninsured; Margin of Error; RACE AND HISPANIC OR LATINO ORIGIN - One Race - Native Hawaiian and Other Pacific Islander alone
HC04_EST_VC20,Number Insured by  Coverage Type; Estimate; RACE AND HISPANIC OR LATINO ORIGIN - One Race - Native Hawaiian and Other Pacific Islander alone
HC04_MOE_VC20,Number Insured by  Coverage Type; Margin of Error; RACE AND HISPANIC OR LATINO ORIGIN - One Race - Native Hawaiian and Other Pacific Islander alone
HC05_EST_VC20,Percent Insured by  Coverage Type; Estimate; RACE AND HISPANIC OR LATINO ORIGIN - One Race - Native Hawaiian and Other Pacific Islander alone
HC05_MOE_VC20,Percent Insured by  Coverage Type; Margin of Error; RACE AND HISPANIC OR LATINO ORIGIN - One Race - Native Hawaiian and Other Pacific Islander alone
HC01_EST_VC21,Total; Estimate; RACE AND HISPANIC OR LATINO ORIGIN - One Race - Some other race alone
HC01_MOE_VC21,Total; Margin of Error; RACE AND HISPANIC OR LATINO ORIGIN - One Race - Some other race alone
HC02_EST_VC21,Number Uninsured; Estimate; RACE AND HISPANIC OR LATINO ORIGIN - One Race - Some other race alone
HC02_MOE_VC21,Number Uninsured; Margin of Error; RACE AND HISPANIC OR LATINO ORIGIN - One Race - Some other race alone
HC03_EST_VC21,Percent Uninsured; Estimate; RACE AND HISPANIC OR LATINO ORIGIN - One Race - Some other race alone
HC03_MOE_VC21,Percent Uninsured; Margin of Error; RACE AND HISPANIC OR LATINO ORIGIN - One Race - Some other race alone
HC04_EST_VC21,Number Insured by  Coverage Type; Estimate; RACE AND HISPANIC OR LATINO ORIGIN - One Race - Some other race alone
HC04_MOE_VC21,Number Insured by  Coverage Type; Margin of Error; RACE AND HISPANIC OR LATINO ORIGIN - One Race - Some other race alone
HC05_EST_VC21,Percent Insured by  Coverage Type; Estimate; RACE AND HISPANIC OR LATINO ORIGIN - One Race - Some other race alone
HC05_MOE_VC21,Percent Insured by  Coverage Type; Margin of Error; RACE AND HISPANIC OR LATINO ORIGIN - One Race - Some other race alone
HC01_EST_VC22,Total; Estimate; RACE AND HISPANIC OR LATINO ORIGIN - Two or more races
HC01_MOE_VC22,Total; Margin of Error; RACE AND HISPANIC OR LATINO ORIGIN - Two or more races
HC02_EST_VC22,Number Uninsured; Estimate; RACE AND HISPANIC OR LATINO ORIGIN - Two or more races
HC02_MOE_VC22,Number Uninsured; Margin of Error; RACE AND HISPANIC OR LATINO ORIGIN - Two or more races
HC03_EST_VC22,Percent Uninsured; Estimate; RACE AND HISPANIC OR LATINO ORIGIN - Two or more races
HC03_MOE_VC22,Percent Uninsured; Margin of Error; RACE AND HISPANIC OR LATINO ORIGIN - Two or more races
HC04_EST_VC22,Number Insured by  Coverage Type; Estimate; RACE AND HISPANIC OR LATINO ORIGIN - Two or more races
HC04_MOE_VC22,Number Insured by  Coverage Type; Margin of Error; RACE AND HISPANIC OR LATINO ORIGIN - Two or more races
HC05_EST_VC22,Percent Insured by  Coverage Type; Estimate; RACE AND HISPANIC OR LATINO ORIGIN - Two or more races
HC05_MOE_VC22,Percent Insured by  Coverage Type; Margin of Error; RACE AND HISPANIC OR LATINO ORIGIN - Two or more races
HC01_EST_VC24,"Total; Estimate; White alone, not Hispanic or Latino"
HC01_MOE_VC24,"Total; Margin of Error; White alone, not Hispanic or Latino"
HC02_EST_VC24,"Number Uninsured; Estimate; White alone, not Hispanic or Latino"
HC02_MOE_VC24,"Number Uninsured; Margin of Error; White alone, not Hispanic or Latino"
HC03_EST_VC24,"Percent Uninsured; Estimate; White alone, not Hispanic or Latino"
HC03_MOE_VC24,"Percent Uninsured; Margin of Error; White alone, not Hispanic or Latino"
HC04_EST_VC24,"Number Insured by  Coverage Type; Estimate; White alone, not Hispanic or Latino"
HC04_MOE_VC24,"Number Insured by  Coverage Type; Margin of Error; White alone, not Hispanic or Latino"
HC05_EST_VC24,"Percent Insured by  Coverage Type; Estimate; White alone, not Hispanic or Latino"
HC05_MOE_VC24,"Percent Insured by  Coverage Type; Margin of Error; White alone, not Hispanic or Latino"
HC01_EST_VC25,Total; Estimate; Hispanic or Latino (of any race)
HC01_MOE_VC25,Total; Margin of Error; Hispanic or Latino (of any race)
HC02_EST_VC25,Number Uninsured; Estimate; Hispanic or Latino (of any race)
HC02_MOE_VC25,Number Uninsured; Margin of Error; Hispanic or Latino (of any race)
HC03_EST_VC25,Percent Uninsured; Estimate; Hispanic or Latino (of any race)
HC03_MOE_VC25,Percent Uninsured; Margin of Error; Hispanic or Latino (of any race)
HC04_EST_VC25,Number Insured by  Coverage Type; Estimate; Hispanic or Latino (of any race)
HC04_MOE_VC25,Number Insured by  Coverage Type; Margin of Error; Hispanic or Latino (of any race)
HC05_EST_VC25,Percent Insured by  Coverage Type; Estimate; Hispanic or Latino (of any race)
HC05_MOE_VC25,Percent Insured by  Coverage Type; Margin of Error; Hispanic or Latino (of any race)
HC01_EST_VC28,Total; Estimate; NATIVITY AND CITIZENSHIP STATUS - Native born
HC01_MOE_VC28,Total; Margin of Error; NATIVITY AND CITIZENSHIP STATUS - Native born
HC02_EST_VC28,Number Uninsured; Estimate; NATIVITY AND CITIZENSHIP STATUS - Native born
HC02_MOE_VC28,Number Uninsured; Margin of Error; NATIVITY AND CITIZENSHIP STATUS - Native born
HC03_EST_VC28,Percent Uninsured; Estimate; NATIVITY AND CITIZENSHIP STATUS - Native born
HC03_MOE_VC28,Percent Uninsured; Margin of Error; NATIVITY AND CITIZENSHIP STATUS - Native born
HC04_EST_VC28,Number Insured by  Coverage Type; Estimate; NATIVITY AND CITIZENSHIP STATUS - Native born
HC04_MOE_VC28,Number Insured by  Coverage Type; Margin of Error; NATIVITY AND CITIZENSHIP STATUS - Native born
HC05_EST_VC28,Percent Insured by  Coverage Type; Estimate; NATIVITY AND CITIZENSHIP STATUS - Native born
HC05_MOE_VC28,Percent Insured by  Coverage Type; Margin of Error; NATIVITY AND CITIZENSHIP STATUS - Native born
HC01_EST_VC29,Total; Estimate; NATIVITY AND CITIZENSHIP STATUS - Foreign born
HC01_MOE_VC29,Total; Margin of Error; NATIVITY AND CITIZENSHIP STATUS - Foreign born
HC02_EST_VC29,Number Uninsured; Estimate; NATIVITY AND CITIZENSHIP STATUS - Foreign born
HC02_MOE_VC29,Number Uninsured; Margin of Error; NATIVITY AND CITIZENSHIP STATUS - Foreign born
HC03_EST_VC29,Percent Uninsured; Estimate; NATIVITY AND CITIZENSHIP STATUS - Foreign born
HC03_MOE_VC29,Percent Uninsured; Margin of Error; NATIVITY AND CITIZENSHIP STATUS - Foreign born
HC04_EST_VC29,Number Insured by  Coverage Type; Estimate; NATIVITY AND CITIZENSHIP STATUS - Foreign born
HC04_MOE_VC29,Number Insured by  Coverage Type; Margin of Error; NATIVITY AND CITIZENSHIP STATUS - Foreign born
HC05_EST_VC29,Percent Insured by  Coverage Type; Estimate; NATIVITY AND CITIZENSHIP STATUS - Foreign born
HC05_MOE_VC29,Percent Insured by  Coverage Type; Margin of Error; NATIVITY AND CITIZENSHIP STATUS - Foreign born
HC01_EST_VC30,Total; Estimate; NATIVITY AND CITIZENSHIP STATUS - Foreign born - Naturalized
HC01_MOE_VC30,Total; Margin of Error; NATIVITY AND CITIZENSHIP STATUS - Foreign born - Naturalized
HC02_EST_VC30,Number Uninsured; Estimate; NATIVITY AND CITIZENSHIP STATUS - Foreign born - Naturalized
HC02_MOE_VC30,Number Uninsured; Margin of Error; NATIVITY AND CITIZENSHIP STATUS - Foreign born - Naturalized
HC03_EST_VC30,Percent Uninsured; Estimate; NATIVITY AND CITIZENSHIP STATUS - Foreign born - Naturalized
HC03_MOE_VC30,Percent Uninsured; Margin of Error; NATIVITY AND CITIZENSHIP STATUS - Foreign born - Naturalized
HC04_EST_VC30,Number Insured by  Coverage Type; Estimate; NATIVITY AND CITIZENSHIP STATUS - Foreign born - Naturalized
HC04_MOE_VC30,Number Insured by  Coverage Type; Margin of Error; NATIVITY AND CITIZENSHIP STATUS - Foreign born - Naturalized
HC05_EST_VC30,Percent Insured by  Coverage Type; Estimate; NATIVITY AND CITIZENSHIP STATUS - Foreign born - Naturalized
HC05_MOE_VC30,Percent Insured by  Coverage Type; Margin of Error; NATIVITY AND CITIZENSHIP STATUS - Foreign born - Naturalized
HC01_EST_VC31,Total; Estimate; NATIVITY AND CITIZENSHIP STATUS - Foreign born - Not a citizen
HC01_MOE_VC31,Total; Margin of Error; NATIVITY AND CITIZENSHIP STATUS - Foreign born - Not a citizen
HC02_EST_VC31,Number Uninsured; Estimate; NATIVITY AND CITIZENSHIP STATUS - Foreign born - Not a citizen
HC02_MOE_VC31,Number Uninsured; Margin of Error; NATIVITY AND CITIZENSHIP STATUS - Foreign born - Not a citizen
HC03_EST_VC31,Percent Uninsured; Estimate; NATIVITY AND CITIZENSHIP STATUS - Foreign born - Not a citizen
HC03_MOE_VC31,Percent Uninsured; Margin of Error; NATIVITY AND CITIZENSHIP STATUS - Foreign born - Not a citizen
HC04_EST_VC31,Number Insured by  Coverage Type; Estimate; NATIVITY AND CITIZENSHIP STATUS - Foreign born - Not a citizen
HC04_MOE_VC31,Number Insured by  Coverage Type; Margin of Error; NATIVITY AND CITIZENSHIP STATUS - Foreign born - Not a citizen
HC05_EST_VC31,Percent Insured by  Coverage Type; Estimate; NATIVITY AND CITIZENSHIP STATUS - Foreign born - Not a citizen
HC05_MOE_VC31,Percent Insured by  Coverage Type; Margin of Error; NATIVITY AND CITIZENSHIP STATUS - Foreign born - Not a citizen
HC01_EST_VC34,Total; Estimate; EDUCATIONAL ATTAINMENT - Civilian noninstitutionalized population 25 years and older
HC01_MOE_VC34,Total; Margin of Error; EDUCATIONAL ATTAINMENT - Civilian noninstitutionalized population 25 years and older
HC02_EST_VC34,Number Uninsured; Estimate; EDUCATIONAL ATTAINMENT - Civilian noninstitutionalized population 25 years and older
HC02_MOE_VC34,Number Uninsured; Margin of Error; EDUCATIONAL ATTAINMENT - Civilian noninstitutionalized population 25 years and older
HC03_EST_VC34,Percent Uninsured; Estimate; EDUCATIONAL ATTAINMENT - Civilian noninstitutionalized population 25 years and older
HC03_MOE_VC34,Percent Uninsured; Margin of Error; EDUCATIONAL ATTAINMENT - Civilian noninstitutionalized population 25 years and older
HC04_EST_VC34,Number Insured by  Coverage Type; Estimate; EDUCATIONAL ATTAINMENT - Civilian noninstitutionalized population 25 years and older
HC04_MOE_VC34,Number Insured by  Coverage Type; Margin of Error; EDUCATIONAL ATTAINMENT - Civilian noninstitutionalized population 25 years and older
HC05_EST_VC34,Percent Insured by  Coverage Type; Estimate; EDUCATIONAL ATTAINMENT - Civilian noninstitutionalized population 25 years and older
HC05_MOE_VC34,Percent Insured by  Coverage Type; Margin of Error; EDUCATIONAL ATTAINMENT - Civilian noninstitutionalized population 25 years and older
HC01_EST_VC35,Total; Estimate; EDUCATIONAL ATTAINMENT - Civilian noninstitutionalized population 25 years and older - Less than high school graduate
HC01_MOE_VC35,Total; Margin of Error; EDUCATIONAL ATTAINMENT - Civilian noninstitutionalized population 25 years and older - Less than high school graduate
HC02_EST_VC35,Number Uninsured; Estimate; EDUCATIONAL ATTAINMENT - Civilian noninstitutionalized population 25 years and older - Less than high school graduate
HC02_MOE_VC35,Number Uninsured; Margin of Error; EDUCATIONAL ATTAINMENT - Civilian noninstitutionalized population 25 years and older - Less than high school graduate
HC03_EST_VC35,Percent Uninsured; Estimate; EDUCATIONAL ATTAINMENT - Civilian noninstitutionalized population 25 years and older - Less than high school graduate
HC03_MOE_VC35,Percent Uninsured; Margin of Error; EDUCATIONAL ATTAINMENT - Civilian noninstitutionalized population 25 years and older - Less than high school graduate
HC04_EST_VC35,Number Insured by  Coverage Type; Estimate; EDUCATIONAL ATTAINMENT - Civilian noninstitutionalized population 25 years and older - Less than high school graduate
HC04_MOE_VC35,Number Insured by  Coverage Type; Margin of Error; EDUCATIONAL ATTAINMENT - Civilian noninstitutionalized population 25 years and older - Less than high school graduate
HC05_EST_VC35,Percent Insured by  Coverage Type; Estimate; EDUCATIONAL ATTAINMENT - Civilian noninstitutionalized population 25 years and older - Less than high school graduate
HC05_MOE_VC35,Percent Insured by  Coverage Type; Margin of Error; EDUCATIONAL ATTAINMENT - Civilian noninstitutionalized population 25 years and older - Less than high school graduate
HC01_EST_VC36,"Total; Estimate; EDUCATIONAL ATTAINMENT - Civilian noninstitutionalized population 25 years and older - High school graduate, GED, or alternative"
HC01_MOE_VC36,"Total; Margin of Error; EDUCATIONAL ATTAINMENT - Civilian noninstitutionalized population 25 years and older - High school graduate, GED, or alternative"
HC02_EST_VC36,"Number Uninsured; Estimate; EDUCATIONAL ATTAINMENT - Civilian noninstitutionalized population 25 years and older - High school graduate, GED, or alternative"
HC02_MOE_VC36,"Number Uninsured; Margin of Error; EDUCATIONAL ATTAINMENT - Civilian noninstitutionalized population 25 years and older - High school graduate, GED, or alternative"
HC03_EST_VC36,"Percent Uninsured; Estimate; EDUCATIONAL ATTAINMENT - Civilian noninstitutionalized population 25 years and older - High school graduate, GED, or alternative"
HC03_MOE_VC36,"Percent Uninsured; Margin of Error; EDUCATIONAL ATTAINMENT - Civilian noninstitutionalized population 25 years and older - High school graduate, GED, or alternative"
HC04_EST_VC36,"Number Insured by  Coverage Type; Estimate; EDUCATIONAL ATTAINMENT - Civilian noninstitutionalized population 25 years and older - High school graduate, GED, or alternative"
HC04_MOE_VC36,"Number Insured by  Coverage Type; Margin of Error; EDUCATIONAL ATTAINMENT - Civilian noninstitutionalized population 25 years and older - High school graduate, GED, or alternative"
HC05_EST_VC36,"Percent Insured by  Coverage Type; Estimate; EDUCATIONAL ATTAINMENT - Civilian noninstitutionalized population 25 years and older - High school graduate, GED, or alternative"
HC05_MOE_VC36,"Percent Insured by  Coverage Type; Margin of Error; EDUCATIONAL ATTAINMENT - Civilian noninstitutionalized population 25 years and older - High school graduate, GED, or alternative"
HC01_EST_VC37,Total; Estimate; EDUCATIONAL ATTAINMENT - Civilian noninstitutionalized population 25 years and older - Some college or associate's degree
HC01_MOE_VC37,Total; Margin of Error; EDUCATIONAL ATTAINMENT - Civilian noninstitutionalized population 25 years and older - Some college or associate's degree
HC02_EST_VC37,Number Uninsured; Estimate; EDUCATIONAL ATTAINMENT - Civilian noninstitutionalized population 25 years and older - Some college or associate's degree
HC02_MOE_VC37,Number Uninsured; Margin of Error; EDUCATIONAL ATTAINMENT - Civilian noninstitutionalized population 25 years and older - Some college or associate's degree
HC03_EST_VC37,Percent Uninsured; Estimate; EDUCATIONAL ATTAINMENT - Civilian noninstitutionalized population 25 years and older - Some college or associate's degree
HC03_MOE_VC37,Percent Uninsured; Margin of Error; EDUCATIONAL ATTAINMENT - Civilian noninstitutionalized population 25 years and older - Some college or associate's degree
HC04_EST_VC37,Number Insured by  Coverage Type; Estimate; EDUCATIONAL ATTAINMENT - Civilian noninstitutionalized population 25 years and older - Some college or associate's degree
HC04_MOE_VC37,Number Insured by  Coverage Type; Margin of Error; EDUCATIONAL ATTAINMENT - Civilian noninstitutionalized population 25 years and older - Some college or associate's degree
HC05_EST_VC37,Percent Insured by  Coverage Type; Estimate; EDUCATIONAL ATTAINMENT - Civilian noninstitutionalized population 25 years and older - Some college or associate's degree
HC05_MOE_VC37,Percent Insured by  Coverage Type; Margin of Error; EDUCATIONAL ATTAINMENT - Civilian noninstitutionalized population 25 years and older - Some college or associate's degree
HC01_EST_VC38,Total; Estimate; EDUCATIONAL ATTAINMENT - Civilian noninstitutionalized population 25 years and older - Bachelor's degree or higher
HC01_MOE_VC38,Total; Margin of Error; EDUCATIONAL ATTAINMENT - Civilian noninstitutionalized population 25 years and older - Bachelor's degree or higher
HC02_EST_VC38,Number Uninsured; Estimate; EDUCATIONAL ATTAINMENT - Civilian noninstitutionalized population 25 years and older - Bachelor's degree or higher
HC02_MOE_VC38,Number Uninsured; Margin of Error; EDUCATIONAL ATTAINMENT - Civilian noninstitutionalized population 25 years and older - Bachelor's degree or higher
HC03_EST_VC38,Percent Uninsured; Estimate; EDUCATIONAL ATTAINMENT - Civilian noninstitutionalized population 25 years and older - Bachelor's degree or higher
HC03_MOE_VC38,Percent Uninsured; Margin of Error; EDUCATIONAL ATTAINMENT - Civilian noninstitutionalized population 25 years and older - Bachelor's degree or higher
HC04_EST_VC38,Number Insured by  Coverage Type; Estimate; EDUCATIONAL ATTAINMENT - Civilian noninstitutionalized population 25 years and older - Bachelor's degree or higher
HC04_MOE_VC38,Number Insured by  Coverage Type; Margin of Error; EDUCATIONAL ATTAINMENT - Civilian noninstitutionalized population 25 years and older - Bachelor's degree or higher
HC05_EST_VC38,Percent Insured by  Coverage Type; Estimate; EDUCATIONAL ATTAINMENT - Civilian noninstitutionalized population 25 years and older - Bachelor's degree or higher
HC05_MOE_VC38,Percent Insured by  Coverage Type; Margin of Error; EDUCATIONAL ATTAINMENT - Civilian noninstitutionalized population 25 years and older - Bachelor's degree or higher
HC01_EST_VC41,Total; Estimate; EMPLOYMENT STATUS - Civilian noninstitutionalized population 18 years and older
HC01_MOE_VC41,Total; Margin of Error; EMPLOYMENT STATUS - Civilian noninstitutionalized population 18 years and older
HC02_EST_VC41,Number Uninsured; Estimate; EMPLOYMENT STATUS - Civilian noninstitutionalized population 18 years and older
HC02_MOE_VC41,Number Uninsured; Margin of Error; EMPLOYMENT STATUS - Civilian noninstitutionalized population 18 years and older
HC03_EST_VC41,Percent Uninsured; Estimate; EMPLOYMENT STATUS - Civilian noninstitutionalized population 18 years and older
HC03_MOE_VC41,Percent Uninsured; Margin of Error; EMPLOYMENT STATUS - Civilian noninstitutionalized population 18 years and older
HC04_EST_VC41,Number Insured by  Coverage Type; Estimate; EMPLOYMENT STATUS - Civilian noninstitutionalized population 18 years and older
HC04_MOE_VC41,Number Insured by  Coverage Type; Margin of Error; EMPLOYMENT STATUS - Civilian noninstitutionalized population 18 years and older
HC05_EST_VC41,Percent Insured by  Coverage Type; Estimate; EMPLOYMENT STATUS - Civilian noninstitutionalized population 18 years and older
HC05_MOE_VC41,Percent Insured by  Coverage Type; Margin of Error; EMPLOYMENT STATUS - Civilian noninstitutionalized population 18 years and older
HC01_EST_VC42,Total; Estimate; EMPLOYMENT STATUS - Civilian noninstitutionalized population 18 years and older - In labor force
HC01_MOE_VC42,Total; Margin of Error; EMPLOYMENT STATUS - Civilian noninstitutionalized population 18 years and older - In labor force
HC02_EST_VC42,Number Uninsured; Estimate; EMPLOYMENT STATUS - Civilian noninstitutionalized population 18 years and older - In labor force
HC02_MOE_VC42,Number Uninsured; Margin of Error; EMPLOYMENT STATUS - Civilian noninstitutionalized population 18 years and older - In labor force
HC03_EST_VC42,Percent Uninsured; Estimate; EMPLOYMENT STATUS - Civilian noninstitutionalized population 18 years and older - In labor force
HC03_MOE_VC42,Percent Uninsured; Margin of Error; EMPLOYMENT STATUS - Civilian noninstitutionalized population 18 years and older - In labor force
HC04_EST_VC42,Number Insured by  Coverage Type; Estimate; EMPLOYMENT STATUS - Civilian noninstitutionalized population 18 years and older - In labor force
HC04_MOE_VC42,Number Insured by  Coverage Type; Margin of Error; EMPLOYMENT STATUS - Civilian noninstitutionalized population 18 years and older - In labor force
HC05_EST_VC42,Percent Insured by  Coverage Type; Estimate; EMPLOYMENT STATUS - Civilian noninstitutionalized population 18 years and older - In labor force
HC05_MOE_VC42,Percent Insured by  Coverage Type; Margin of Error; EMPLOYMENT STATUS - Civilian noninstitutionalized population 18 years and older - In labor force
HC01_EST_VC43,Total; Estimate; EMPLOYMENT STATUS - Civilian noninstitutionalized population 18 years and older - In labor force - Employed
HC01_MOE_VC43,Total; Margin of Error; EMPLOYMENT STATUS - Civilian noninstitutionalized population 18 years and older - In labor force - Employed
HC02_EST_VC43,Number Uninsured; Estimate; EMPLOYMENT STATUS - Civilian noninstitutionalized population 18 years and older - In labor force - Employed
HC02_MOE_VC43,Number Uninsured; Margin of Error; EMPLOYMENT STATUS - Civilian noninstitutionalized population 18 years and older - In labor force - Employed
HC03_EST_VC43,Percent Uninsured; Estimate; EMPLOYMENT STATUS - Civilian noninstitutionalized population 18 years and older - In labor force - Employed
HC03_MOE_VC43,Percent Uninsured; Margin of Error; EMPLOYMENT STATUS - Civilian noninstitutionalized population 18 years and older - In labor force - Employed
HC04_EST_VC43,Number Insured by  Coverage Type; Estimate; EMPLOYMENT STATUS - Civilian noninstitutionalized population 18 years and older - In labor force - Employed
HC04_MOE_VC43,Number Insured by  Coverage Type; Margin of Error; EMPLOYMENT STATUS - Civilian noninstitutionalized population 18 years and older - In labor force - Employed
HC05_EST_VC43,Percent Insured by  Coverage Type; Estimate; EMPLOYMENT STATUS - Civilian noninstitutionalized population 18 years and older - In labor force - Employed
HC05_MOE_VC43,Percent Insured by  Coverage Type; Margin of Error; EMPLOYMENT STATUS - Civilian noninstitutionalized population 18 years and older - In labor force - Employed
HC01_EST_VC44,Total; Estimate; EMPLOYMENT STATUS - Civilian noninstitutionalized population 18 years and older - In labor force - Unemployed
HC01_MOE_VC44,Total; Margin of Error; EMPLOYMENT STATUS - Civilian noninstitutionalized population 18 years and older - In labor force - Unemployed
HC02_EST_VC44,Number Uninsured; Estimate; EMPLOYMENT STATUS - Civilian noninstitutionalized population 18 years and older - In labor force - Unemployed
HC02_MOE_VC44,Number Uninsured; Margin of Error; EMPLOYMENT STATUS - Civilian noninstitutionalized population 18 years and older - In labor force - Unemployed
HC03_EST_VC44,Percent Uninsured; Estimate; EMPLOYMENT STATUS - Civilian noninstitutionalized population 18 years and older - In labor force - Unemployed
HC03_MOE_VC44,Percent Uninsured; Margin of Error; EMPLOYMENT STATUS - Civilian noninstitutionalized population 18 years and older - In labor force - Unemployed
HC04_EST_VC44,Number Insured by  Coverage Type; Estimate; EMPLOYMENT STATUS - Civilian noninstitutionalized population 18 years and older - In labor force - Unemployed
HC04_MOE_VC44,Number Insured by  Coverage Type; Margin of Error; EMPLOYMENT STATUS - Civilian noninstitutionalized population 18 years and older - In labor force - Unemployed
HC05_EST_VC44,Percent Insured by  Coverage Type; Estimate; EMPLOYMENT STATUS - Civilian noninstitutionalized population 18 years and older - In labor force - Unemployed
HC05_MOE_VC44,Percent Insured by  Coverage Type; Margin of Error; EMPLOYMENT STATUS - Civilian noninstitutionalized population 18 years and older - In labor force - Unemployed
HC01_EST_VC45,Total; Estimate; EMPLOYMENT STATUS - Civilian noninstitutionalized population 18 years and older - Not in labor force
HC01_MOE_VC45,Total; Margin of Error; EMPLOYMENT STATUS - Civilian noninstitutionalized population 18 years and older - Not in labor force
HC02_EST_VC45,Number Uninsured; Estimate; EMPLOYMENT STATUS - Civilian noninstitutionalized population 18 years and older - Not in labor force
HC02_MOE_VC45,Number Uninsured; Margin of Error; EMPLOYMENT STATUS - Civilian noninstitutionalized population 18 years and older - Not in labor force
HC03_EST_VC45,Percent Uninsured; Estimate; EMPLOYMENT STATUS - Civilian noninstitutionalized population 18 years and older - Not in labor force
HC03_MOE_VC45,Percent Uninsured; Margin of Error; EMPLOYMENT STATUS - Civilian noninstitutionalized population 18 years and older - Not in labor force
HC04_EST_VC45,Number Insured by  Coverage Type; Estimate; EMPLOYMENT STATUS - Civilian noninstitutionalized population 18 years and older - Not in labor force
HC04_MOE_VC45,Number Insured by  Coverage Type; Margin of Error; EMPLOYMENT STATUS - Civilian noninstitutionalized population 18 years and older - Not in labor force
HC05_EST_VC45,Percent Insured by  Coverage Type; Estimate; EMPLOYMENT STATUS - Civilian noninstitutionalized population 18 years and older - Not in labor force
HC05_MOE_VC45,Percent Insured by  Coverage Type; Margin of Error; EMPLOYMENT STATUS - Civilian noninstitutionalized population 18 years and older - Not in labor force
HC01_EST_VC48,Total; Estimate; WORK EXPERIENCE - Civilian noninstitutionalized population 18 years and older
HC01_MOE_VC48,Total; Margin of Error; WORK EXPERIENCE - Civilian noninstitutionalized population 18 years and older
HC02_EST_VC48,Number Uninsured; Estimate; WORK EXPERIENCE - Civilian noninstitutionalized population 18 years and older
HC02_MOE_VC48,Number Uninsured; Margin of Error; WORK EXPERIENCE - Civilian noninstitutionalized population 18 years and older
HC03_EST_VC48,Percent Uninsured; Estimate; WORK EXPERIENCE - Civilian noninstitutionalized population 18 years and older
HC03_MOE_VC48,Percent Uninsured; Margin of Error; WORK EXPERIENCE - Civilian noninstitutionalized population 18 years and older
HC04_EST_VC48,Number Insured by  Coverage Type; Estimate; WORK EXPERIENCE - Civilian noninstitutionalized population 18 years and older
HC04_MOE_VC48,Number Insured by  Coverage Type; Margin of Error; WORK EXPERIENCE - Civilian noninstitutionalized population 18 years and older
HC05_EST_VC48,Percent Insured by  Coverage Type; Estimate; WORK EXPERIENCE - Civilian noninstitutionalized population 18 years and older
HC05_MOE_VC48,Percent Insured by  Coverage Type; Margin of Error; WORK EXPERIENCE - Civilian noninstitutionalized population 18 years and older
HC01_EST_VC49,"Total; Estimate; WORK EXPERIENCE - Civilian noninstitutionalized population 18 years and older - Worked full-time, year round in the past 12 months"
HC01_MOE_VC49,"Total; Margin of Error; WORK EXPERIENCE - Civilian noninstitutionalized population 18 years and older - Worked full-time, year round in the past 12 months"
HC02_EST_VC49,"Number Uninsured; Estimate; WORK EXPERIENCE - Civilian noninstitutionalized population 18 years and older - Worked full-time, year round in the past 12 months"
HC02_MOE_VC49,"Number Uninsured; Margin of Error; WORK EXPERIENCE - Civilian noninstitutionalized population 18 years and older - Worked full-time, year round in the past 12 months"
HC03_EST_VC49,"Percent Uninsured; Estimate; WORK EXPERIENCE - Civilian noninstitutionalized population 18 years and older - Worked full-time, year round in the past 12 months"
HC03_MOE_VC49,"Percent Uninsured; Margin of Error; WORK EXPERIENCE - Civilian noninstitutionalized population 18 years and older - Worked full-time, year round in the past 12 months"
HC04_EST_VC49,"Number Insured by  Coverage Type; Estimate; WORK EXPERIENCE - Civilian noninstitutionalized population 18 years and older - Worked full-time, year round in the past 12 months"
HC04_MOE_VC49,"Number Insured by  Coverage Type; Margin of Error; WORK EXPERIENCE - Civilian noninstitutionalized population 18 years and older - Worked full-time, year round in the past 12 months"
HC05_EST_VC49,"Percent Insured by  Coverage Type; Estimate; WORK EXPERIENCE - Civilian noninstitutionalized population 18 years and older - Worked full-time, year round in the past 12 months"
HC05_MOE_VC49,"Percent Insured by  Coverage Type; Margin of Error; WORK EXPERIENCE - Civilian noninstitutionalized population 18 years and older - Worked full-time, year round in the past 12 months"
HC01_EST_VC50,"Total; Estimate; WORK EXPERIENCE - Civilian noninstitutionalized population 18 years and older - Worked less than full-time, year round in the past 12 months"
HC01_MOE_VC50,"Total; Margin of Error; WORK EXPERIENCE - Civilian noninstitutionalized population 18 years and older - Worked less than full-time, year round in the past 12 months"
HC02_EST_VC50,"Number Uninsured; Estimate; WORK EXPERIENCE - Civilian noninstitutionalized population 18 years and older - Worked less than full-time, year round in the past 12 months"
HC02_MOE_VC50,"Number Uninsured; Margin of Error; WORK EXPERIENCE - Civilian noninstitutionalized population 18 years and older - Worked less than full-time, year round in the past 12 months"
HC03_EST_VC50,"Percent Uninsured; Estimate; WORK EXPERIENCE - Civilian noninstitutionalized population 18 years and older - Worked less than full-time, year round in the past 12 months"
HC03_MOE_VC50,"Percent Uninsured; Margin of Error; WORK EXPERIENCE - Civilian noninstitutionalized population 18 years and older - Worked less than full-time, year round in the past 12 months"
HC04_EST_VC50,"Number Insured by  Coverage Type; Estimate; WORK EXPERIENCE - Civilian noninstitutionalized population 18 years and older - Worked less than full-time, year round in the past 12 months"
HC04_MOE_VC50,"Number Insured by  Coverage Type; Margin of Error; WORK EXPERIENCE - Civilian noninstitutionalized population 18 years and older - Worked less than full-time, year round in the past 12 months"
HC05_EST_VC50,"Percent Insured by  Coverage Type; Estimate; WORK EXPERIENCE - Civilian noninstitutionalized population 18 years and older - Worked less than full-time, year round in the past 12 months"
HC05_MOE_VC50,"Percent Insured by  Coverage Type; Margin of Error; WORK EXPERIENCE - Civilian noninstitutionalized population 18 years and older - Worked less than full-time, year round in the past 12 months"
HC01_EST_VC51,Total; Estimate; WORK EXPERIENCE - Civilian noninstitutionalized population 18 years and older - Did not work
HC01_MOE_VC51,Total; Margin of Error; WORK EXPERIENCE - Civilian noninstitutionalized population 18 years and older - Did not work
HC02_EST_VC51,Number Uninsured; Estimate; WORK EXPERIENCE - Civilian noninstitutionalized population 18 years and older - Did not work
HC02_MOE_VC51,Number Uninsured; Margin of Error; WORK EXPERIENCE - Civilian noninstitutionalized population 18 years and older - Did not work
HC03_EST_VC51,Percent Uninsured; Estimate; WORK EXPERIENCE - Civilian noninstitutionalized population 18 years and older - Did not work
HC03_MOE_VC51,Percent Uninsured; Margin of Error; WORK EXPERIENCE - Civilian noninstitutionalized population 18 years and older - Did not work
HC04_EST_VC51,Number Insured by  Coverage Type; Estimate; WORK EXPERIENCE - Civilian noninstitutionalized population 18 years and older - Did not work
HC04_MOE_VC51,Number Insured by  Coverage Type; Margin of Error; WORK EXPERIENCE - Civilian noninstitutionalized population 18 years and older - Did not work
HC05_EST_VC51,Percent Insured by  Coverage Type; Estimate; WORK EXPERIENCE - Civilian noninstitutionalized population 18 years and older - Did not work
HC05_MOE_VC51,Percent Insured by  Coverage Type; Margin of Error; WORK EXPERIENCE - Civilian noninstitutionalized population 18 years and older - Did not work
HC01_EST_VC54,Total; Estimate; HOUSEHOLD INCOME (IN 2014 INFLATION ADJUSTED DOLLARS) - Civilian household population
HC01_MOE_VC54,Total; Margin of Error; HOUSEHOLD INCOME (IN 2014 INFLATION ADJUSTED DOLLARS) - Civilian household population
HC02_EST_VC54,Number Uninsured; Estimate; HOUSEHOLD INCOME (IN 2014 INFLATION ADJUSTED DOLLARS) - Civilian household population
HC02_MOE_VC54,Number Uninsured; Margin of Error; HOUSEHOLD INCOME (IN 2014 INFLATION ADJUSTED DOLLARS) - Civilian household population
HC03_EST_VC54,Percent Uninsured; Estimate; HOUSEHOLD INCOME (IN 2014 INFLATION ADJUSTED DOLLARS) - Civilian household population
HC03_MOE_VC54,Percent Uninsured; Margin of Error; HOUSEHOLD INCOME (IN 2014 INFLATION ADJUSTED DOLLARS) - Civilian household population
HC04_EST_VC54,Number Insured by  Coverage Type; Estimate; HOUSEHOLD INCOME (IN 2014 INFLATION ADJUSTED DOLLARS) - Civilian household population
HC04_MOE_VC54,Number Insured by  Coverage Type; Margin of Error; HOUSEHOLD INCOME (IN 2014 INFLATION ADJUSTED DOLLARS) - Civilian household population
HC05_EST_VC54,Percent Insured by  Coverage Type; Estimate; HOUSEHOLD INCOME (IN 2014 INFLATION ADJUSTED DOLLARS) - Civilian household population
HC05_MOE_VC54,Percent Insured by  Coverage Type; Margin of Error; HOUSEHOLD INCOME (IN 2014 INFLATION ADJUSTED DOLLARS) - Civilian household population
HC01_EST_VC55,"Total; Estimate; HOUSEHOLD INCOME (IN 2014 INFLATION ADJUSTED DOLLARS) - Civilian household population - Under $25,000"
HC01_MOE_VC55,"Total; Margin of Error; HOUSEHOLD INCOME (IN 2014 INFLATION ADJUSTED DOLLARS) - Civilian household population - Under $25,000"
HC02_EST_VC55,"Number Uninsured; Estimate; HOUSEHOLD INCOME (IN 2014 INFLATION ADJUSTED DOLLARS) - Civilian household population - Under $25,000"
HC02_MOE_VC55,"Number Uninsured; Margin of Error; HOUSEHOLD INCOME (IN 2014 INFLATION ADJUSTED DOLLARS) - Civilian household population - Under $25,000"
HC03_EST_VC55,"Percent Uninsured; Estimate; HOUSEHOLD INCOME (IN 2014 INFLATION ADJUSTED DOLLARS) - Civilian household population - Under $25,000"
HC03_MOE_VC55,"Percent Uninsured; Margin of Error; HOUSEHOLD INCOME (IN 2014 INFLATION ADJUSTED DOLLARS) - Civilian household population - Under $25,000"
HC04_EST_VC55,"Number Insured by  Coverage Type; Estimate; HOUSEHOLD INCOME (IN 2014 INFLATION ADJUSTED DOLLARS) - Civilian household population - Under $25,000"
HC04_MOE_VC55,"Number Insured by  Coverage Type; Margin of Error; HOUSEHOLD INCOME (IN 2014 INFLATION ADJUSTED DOLLARS) - Civilian household population - Under $25,000"
HC05_EST_VC55,"Percent Insured by  Coverage Type; Estimate; HOUSEHOLD INCOME (IN 2014 INFLATION ADJUSTED DOLLARS) - Civilian household population - Under $25,000"
HC05_MOE_VC55,"Percent Insured by  Coverage Type; Margin of Error; HOUSEHOLD INCOME (IN 2014 INFLATION ADJUSTED DOLLARS) - Civilian household population - Under $25,000"
HC01_EST_VC56,"Total; Estimate; HOUSEHOLD INCOME (IN 2014 INFLATION ADJUSTED DOLLARS) - Civilian household population - $25,000 to $49,999"
HC01_MOE_VC56,"Total; Margin of Error; HOUSEHOLD INCOME (IN 2014 INFLATION ADJUSTED DOLLARS) - Civilian household population - $25,000 to $49,999"
HC02_EST_VC56,"Number Uninsured; Estimate; HOUSEHOLD INCOME (IN 2014 INFLATION ADJUSTED DOLLARS) - Civilian household population - $25,000 to $49,999"
HC02_MOE_VC56,"Number Uninsured; Margin of Error; HOUSEHOLD INCOME (IN 2014 INFLATION ADJUSTED DOLLARS) - Civilian household population - $25,000 to $49,999"
HC03_EST_VC56,"Percent Uninsured; Estimate; HOUSEHOLD INCOME (IN 2014 INFLATION ADJUSTED DOLLARS) - Civilian household population - $25,000 to $49,999"
HC03_MOE_VC56,"Percent Uninsured; Margin of Error; HOUSEHOLD INCOME (IN 2014 INFLATION ADJUSTED DOLLARS) - Civilian household population - $25,000 to $49,999"
HC04_EST_VC56,"Number Insured by  Coverage Type; Estimate; HOUSEHOLD INCOME (IN 2014 INFLATION ADJUSTED DOLLARS) - Civilian household population - $25,000 to $49,999"
HC04_MOE_VC56,"Number Insured by  Coverage Type; Margin of Error; HOUSEHOLD INCOME (IN 2014 INFLATION ADJUSTED DOLLARS) - Civilian household population - $25,000 to $49,999"
HC05_EST_VC56,"Percent Insured by  Coverage Type; Estimate; HOUSEHOLD INCOME (IN 2014 INFLATION ADJUSTED DOLLARS) - Civilian household population - $25,000 to $49,999"
HC05_MOE_VC56,"Percent Insured by  Coverage Type; Margin of Error; HOUSEHOLD INCOME (IN 2014 INFLATION ADJUSTED DOLLARS) - Civilian household population - $25,000 to $49,999"
HC01_EST_VC57,"Total; Estimate; HOUSEHOLD INCOME (IN 2014 INFLATION ADJUSTED DOLLARS) - Civilian household population - $50,000 to $74,999"
HC01_MOE_VC57,"Total; Margin of Error; HOUSEHOLD INCOME (IN 2014 INFLATION ADJUSTED DOLLARS) - Civilian household population - $50,000 to $74,999"
HC02_EST_VC57,"Number Uninsured; Estimate; HOUSEHOLD INCOME (IN 2014 INFLATION ADJUSTED DOLLARS) - Civilian household population - $50,000 to $74,999"
HC02_MOE_VC57,"Number Uninsured; Margin of Error; HOUSEHOLD INCOME (IN 2014 INFLATION ADJUSTED DOLLARS) - Civilian household population - $50,000 to $74,999"
HC03_EST_VC57,"Percent Uninsured; Estimate; HOUSEHOLD INCOME (IN 2014 INFLATION ADJUSTED DOLLARS) - Civilian household population - $50,000 to $74,999"
HC03_MOE_VC57,"Percent Uninsured; Margin of Error; HOUSEHOLD INCOME (IN 2014 INFLATION ADJUSTED DOLLARS) - Civilian household population - $50,000 to $74,999"
HC04_EST_VC57,"Number Insured by  Coverage Type; Estimate; HOUSEHOLD INCOME (IN 2014 INFLATION ADJUSTED DOLLARS) - Civilian household population - $50,000 to $74,999"
HC04_MOE_VC57,"Number Insured by  Coverage Type; Margin of Error; HOUSEHOLD INCOME (IN 2014 INFLATION ADJUSTED DOLLARS) - Civilian household population - $50,000 to $74,999"
HC05_EST_VC57,"Percent Insured by  Coverage Type; Estimate; HOUSEHOLD INCOME (IN 2014 INFLATION ADJUSTED DOLLARS) - Civilian household population - $50,000 to $74,999"
HC05_MOE_VC57,"Percent Insured by  Coverage Type; Margin of Error; HOUSEHOLD INCOME (IN 2014 INFLATION ADJUSTED DOLLARS) - Civilian household population - $50,000 to $74,999"
HC01_EST_VC58,"Total; Estimate; HOUSEHOLD INCOME (IN 2014 INFLATION ADJUSTED DOLLARS) - Civilian household population - $75,000 to $99,999"
HC01_MOE_VC58,"Total; Margin of Error; HOUSEHOLD INCOME (IN 2014 INFLATION ADJUSTED DOLLARS) - Civilian household population - $75,000 to $99,999"
HC02_EST_VC58,"Number Uninsured; Estimate; HOUSEHOLD INCOME (IN 2014 INFLATION ADJUSTED DOLLARS) - Civilian household population - $75,000 to $99,999"
HC02_MOE_VC58,"Number Uninsured; Margin of Error; HOUSEHOLD INCOME (IN 2014 INFLATION ADJUSTED DOLLARS) - Civilian household population - $75,000 to $99,999"
HC03_EST_VC58,"Percent Uninsured; Estimate; HOUSEHOLD INCOME (IN 2014 INFLATION ADJUSTED DOLLARS) - Civilian household population - $75,000 to $99,999"
HC03_MOE_VC58,"Percent Uninsured; Margin of Error; HOUSEHOLD INCOME (IN 2014 INFLATION ADJUSTED DOLLARS) - Civilian household population - $75,000 to $99,999"
HC04_EST_VC58,"Number Insured by  Coverage Type; Estimate; HOUSEHOLD INCOME (IN 2014 INFLATION ADJUSTED DOLLARS) - Civilian household population - $75,000 to $99,999"
HC04_MOE_VC58,"Number Insured by  Coverage Type; Margin of Error; HOUSEHOLD INCOME (IN 2014 INFLATION ADJUSTED DOLLARS) - Civilian household population - $75,000 to $99,999"
HC05_EST_VC58,"Percent Insured by  Coverage Type; Estimate; HOUSEHOLD INCOME (IN 2014 INFLATION ADJUSTED DOLLARS) - Civilian household population - $75,000 to $99,999"
HC05_MOE_VC58,"Percent Insured by  Coverage Type; Margin of Error; HOUSEHOLD INCOME (IN 2014 INFLATION ADJUSTED DOLLARS) - Civilian household population - $75,000 to $99,999"
HC01_EST_VC59,"Total; Estimate; HOUSEHOLD INCOME (IN 2014 INFLATION ADJUSTED DOLLARS) - Civilian household population - $100,000 and over"
HC01_MOE_VC59,"Total; Margin of Error; HOUSEHOLD INCOME (IN 2014 INFLATION ADJUSTED DOLLARS) - Civilian household population - $100,000 and over"
HC02_EST_VC59,"Number Uninsured; Estimate; HOUSEHOLD INCOME (IN 2014 INFLATION ADJUSTED DOLLARS) - Civilian household population - $100,000 and over"
HC02_MOE_VC59,"Number Uninsured; Margin of Error; HOUSEHOLD INCOME (IN 2014 INFLATION ADJUSTED DOLLARS) - Civilian household population - $100,000 and over"
HC03_EST_VC59,"Percent Uninsured; Estimate; HOUSEHOLD INCOME (IN 2014 INFLATION ADJUSTED DOLLARS) - Civilian household population - $100,000 and over"
HC03_MOE_VC59,"Percent Uninsured; Margin of Error; HOUSEHOLD INCOME (IN 2014 INFLATION ADJUSTED DOLLARS) - Civilian household population - $100,000 and over"
HC04_EST_VC59,"Number Insured by  Coverage Type; Estimate; HOUSEHOLD INCOME (IN 2014 INFLATION ADJUSTED DOLLARS) - Civilian household population - $100,000 and over"
HC04_MOE_VC59,"Number Insured by  Coverage Type; Margin of Error; HOUSEHOLD INCOME (IN 2014 INFLATION ADJUSTED DOLLARS) - Civilian household population - $100,000 and over"
HC05_EST_VC59,"Percent Insured by  Coverage Type; Estimate; HOUSEHOLD INCOME (IN 2014 INFLATION ADJUSTED DOLLARS) - Civilian household population - $100,000 and over"
HC05_MOE_VC59,"Percent Insured by  Coverage Type; Margin of Error; HOUSEHOLD INCOME (IN 2014 INFLATION ADJUSTED DOLLARS) - Civilian household population - $100,000 and over"
HC01_EST_VC62,Total; Estimate; RATIO OF INCOME TO POVERTY LEVEL IN THE PAST 12 MONTHS - Civilian noninstitutionalized population for whom poverty status is determined
HC01_MOE_VC62,Total; Margin of Error; RATIO OF INCOME TO POVERTY LEVEL IN THE PAST 12 MONTHS - Civilian noninstitutionalized population for whom poverty status is determined
HC02_EST_VC62,Number Uninsured; Estimate; RATIO OF INCOME TO POVERTY LEVEL IN THE PAST 12 MONTHS - Civilian noninstitutionalized population for whom poverty status is determined
HC02_MOE_VC62,Number Uninsured; Margin of Error; RATIO OF INCOME TO POVERTY LEVEL IN THE PAST 12 MONTHS - Civilian noninstitutionalized population for whom poverty status is determined
HC03_EST_VC62,Percent Uninsured; Estimate; RATIO OF INCOME TO POVERTY LEVEL IN THE PAST 12 MONTHS - Civilian noninstitutionalized population for whom poverty status is determined
HC03_MOE_VC62,Percent Uninsured; Margin of Error; RATIO OF INCOME TO POVERTY LEVEL IN THE PAST 12 MONTHS - Civilian noninstitutionalized population for whom poverty status is determined
HC04_EST_VC62,Number Insured by  Coverage Type; Estimate; RATIO OF INCOME TO POVERTY LEVEL IN THE PAST 12 MONTHS - Civilian noninstitutionalized population for whom poverty status is determined
HC04_MOE_VC62,Number Insured by  Coverage Type; Margin of Error; RATIO OF INCOME TO POVERTY LEVEL IN THE PAST 12 MONTHS - Civilian noninstitutionalized population for whom poverty status is determined
HC05_EST_VC62,Percent Insured by  Coverage Type; Estimate; RATIO OF INCOME TO POVERTY LEVEL IN THE PAST 12 MONTHS - Civilian noninstitutionalized population for whom poverty status is determined
HC05_MOE_VC62,Percent Insured by  Coverage Type; Margin of Error; RATIO OF INCOME TO POVERTY LEVEL IN THE PAST 12 MONTHS - Civilian noninstitutionalized population for whom poverty status is determined
HC01_EST_VC63,Total; Estimate; RATIO OF INCOME TO POVERTY LEVEL IN THE PAST 12 MONTHS - Civilian noninstitutionalized population for whom poverty status is determined - Under 1.38 of poverty threshold
HC01_MOE_VC63,Total; Margin of Error; RATIO OF INCOME TO POVERTY LEVEL IN THE PAST 12 MONTHS - Civilian noninstitutionalized population for whom poverty status is determined - Under 1.38 of poverty threshold
HC02_EST_VC63,Number Uninsured; Estimate; RATIO OF INCOME TO POVERTY LEVEL IN THE PAST 12 MONTHS - Civilian noninstitutionalized population for whom poverty status is determined - Under 1.38 of poverty threshold
HC02_MOE_VC63,Number Uninsured; Margin of Error; RATIO OF INCOME TO POVERTY LEVEL IN THE PAST 12 MONTHS - Civilian noninstitutionalized population for whom poverty status is determined - Under 1.38 of poverty threshold
HC03_EST_VC63,Percent Uninsured; Estimate; RATIO OF INCOME TO POVERTY LEVEL IN THE PAST 12 MONTHS - Civilian noninstitutionalized population for whom poverty status is determined - Under 1.38 of poverty threshold
HC03_MOE_VC63,Percent Uninsured; Margin of Error; RATIO OF INCOME TO POVERTY LEVEL IN THE PAST 12 MONTHS - Civilian noninstitutionalized population for whom poverty status is determined - Under 1.38 of poverty threshold
HC04_EST_VC63,Number Insured by  Coverage Type; Estimate; RATIO OF INCOME TO POVERTY LEVEL IN THE PAST 12 MONTHS - Civilian noninstitutionalized population for whom poverty status is determined - Under 1.38 of poverty threshold
HC04_MOE_VC63,Number Insured by  Coverage Type; Margin of Error; RATIO OF INCOME TO POVERTY LEVEL IN THE PAST 12 MONTHS - Civilian noninstitutionalized population for whom poverty status is determined - Under 1.38 of poverty threshold
HC05_EST_VC63,Percent Insured by  Coverage Type; Estimate; RATIO OF INCOME TO POVERTY LEVEL IN THE PAST 12 MONTHS - Civilian noninstitutionalized population for whom poverty status is determined - Under 1.38 of poverty threshold
HC05_MOE_VC63,Percent Insured by  Coverage Type; Margin of Error; RATIO OF INCOME TO POVERTY LEVEL IN THE PAST 12 MONTHS - Civilian noninstitutionalized population for whom poverty status is determined - Under 1.38 of poverty threshold
HC01_EST_VC64,Total; Estimate; RATIO OF INCOME TO POVERTY LEVEL IN THE PAST 12 MONTHS - Civilian noninstitutionalized population for whom poverty status is determined - 1.38 to 1.99 of poverty threshold
HC01_MOE_VC64,Total; Margin of Error; RATIO OF INCOME TO POVERTY LEVEL IN THE PAST 12 MONTHS - Civilian noninstitutionalized population for whom poverty status is determined - 1.38 to 1.99 of poverty threshold
HC02_EST_VC64,Number Uninsured; Estimate; RATIO OF INCOME TO POVERTY LEVEL IN THE PAST 12 MONTHS - Civilian noninstitutionalized population for whom poverty status is determined - 1.38 to 1.99 of poverty threshold
HC02_MOE_VC64,Number Uninsured; Margin of Error; RATIO OF INCOME TO POVERTY LEVEL IN THE PAST 12 MONTHS - Civilian noninstitutionalized population for whom poverty status is determined - 1.38 to 1.99 of poverty threshold
HC03_EST_VC64,Percent Uninsured; Estimate; RATIO OF INCOME TO POVERTY LEVEL IN THE PAST 12 MONTHS - Civilian noninstitutionalized population for whom poverty status is determined - 1.38 to 1.99 of poverty threshold
HC03_MOE_VC64,Percent Uninsured; Margin of Error; RATIO OF INCOME TO POVERTY LEVEL IN THE PAST 12 MONTHS - Civilian noninstitutionalized population for whom poverty status is determined - 1.38 to 1.99 of poverty threshold
HC04_EST_VC64,Number Insured by  Coverage Type; Estimate; RATIO OF INCOME TO POVERTY LEVEL IN THE PAST 12 MONTHS - Civilian noninstitutionalized population for whom poverty status is determined - 1.38 to 1.99 of poverty threshold
HC04_MOE_VC64,Number Insured by  Coverage Type; Margin of Error; RATIO OF INCOME TO POVERTY LEVEL IN THE PAST 12 MONTHS - Civilian noninstitutionalized population for whom poverty status is determined - 1.38 to 1.99 of poverty threshold
HC05_EST_VC64,Percent Insured by  Coverage Type; Estimate; RATIO OF INCOME TO POVERTY LEVEL IN THE PAST 12 MONTHS - Civilian noninstitutionalized population for whom poverty status is determined - 1.38 to 1.99 of poverty threshold
HC05_MOE_VC64,Percent Insured by  Coverage Type; Margin of Error; RATIO OF INCOME TO POVERTY LEVEL IN THE PAST 12 MONTHS - Civilian noninstitutionalized population for whom poverty status is determined - 1.38 to 1.99 of poverty threshold
HC01_EST_VC65,Total; Estimate; RATIO OF INCOME TO POVERTY LEVEL IN THE PAST 12 MONTHS - Civilian noninstitutionalized population for whom poverty status is determined - 2.00 of poverty threshold and over
HC01_MOE_VC65,Total; Margin of Error; RATIO OF INCOME TO POVERTY LEVEL IN THE PAST 12 MONTHS - Civilian noninstitutionalized population for whom poverty status is determined - 2.00 of poverty threshold and over
HC02_EST_VC65,Number Uninsured; Estimate; RATIO OF INCOME TO POVERTY LEVEL IN THE PAST 12 MONTHS - Civilian noninstitutionalized population for whom poverty status is determined - 2.00 of poverty threshold and over
HC02_MOE_VC65,Number Uninsured; Margin of Error; RATIO OF INCOME TO POVERTY LEVEL IN THE PAST 12 MONTHS - Civilian noninstitutionalized population for whom poverty status is determined - 2.00 of poverty threshold and over
HC03_EST_VC65,Percent Uninsured; Estimate; RATIO OF INCOME TO POVERTY LEVEL IN THE PAST 12 MONTHS - Civilian noninstitutionalized population for whom poverty status is determined - 2.00 of poverty threshold and over
HC03_MOE_VC65,Percent Uninsured; Margin of Error; RATIO OF INCOME TO POVERTY LEVEL IN THE PAST 12 MONTHS - Civilian noninstitutionalized population for whom poverty status is determined - 2.00 of poverty threshold and over
HC04_EST_VC65,Number Insured by  Coverage Type; Estimate; RATIO OF INCOME TO POVERTY LEVEL IN THE PAST 12 MONTHS - Civilian noninstitutionalized population for whom poverty status is determined - 2.00 of poverty threshold and over
HC04_MOE_VC65,Number Insured by  Coverage Type; Margin of Error; RATIO OF INCOME TO POVERTY LEVEL IN THE PAST 12 MONTHS - Civilian noninstitutionalized population for whom poverty status is determined - 2.00 of poverty threshold and over
HC05_EST_VC65,Percent Insured by  Coverage Type; Estimate; RATIO OF INCOME TO POVERTY LEVEL IN THE PAST 12 MONTHS - Civilian noninstitutionalized population for whom poverty status is determined - 2.00 of poverty threshold and over
HC05_MOE_VC65,Percent Insured by  Coverage Type; Margin of Error; RATIO OF INCOME TO POVERTY LEVEL IN THE PAST 12 MONTHS - Civilian noninstitutionalized population for whom poverty status is determined - 2.00 of poverty threshold and over
HC01_EST_VC68,Total; Estimate; HEALTH COVERAGE BY TYPE - Private health insurance
HC01_MOE_VC68,Total; Margin of Error; HEALTH COVERAGE BY TYPE - Private health insurance
HC02_EST_VC68,Number Uninsured; Estimate; HEALTH COVERAGE BY TYPE - Private health insurance
HC02_MOE_VC68,Number Uninsured; Margin of Error; HEALTH COVERAGE BY TYPE - Private health insurance
HC03_EST_VC68,Percent Uninsured; Estimate; HEALTH COVERAGE BY TYPE - Private health insurance
HC03_MOE_VC68,Percent Uninsured; Margin of Error; HEALTH COVERAGE BY TYPE - Private health insurance
HC04_EST_VC68,Number Insured by  Coverage Type; Estimate; HEALTH COVERAGE BY TYPE - Private health insurance
HC04_MOE_VC68,Number Insured by  Coverage Type; Margin of Error; HEALTH COVERAGE BY TYPE - Private health insurance
HC05_EST_VC68,Percent Insured by  Coverage Type; Estimate; HEALTH COVERAGE BY TYPE - Private health insurance
HC05_MOE_VC68,Percent Insured by  Coverage Type; Margin of Error; HEALTH COVERAGE BY TYPE - Private health insurance
HC01_EST_VC69,Total; Estimate; HEALTH COVERAGE BY TYPE - Private health insurance - Private health insurance alone
HC01_MOE_VC69,Total; Margin of Error; HEALTH COVERAGE BY TYPE - Private health insurance - Private health insurance alone
HC02_EST_VC69,Number Uninsured; Estimate; HEALTH COVERAGE BY TYPE - Private health insurance - Private health insurance alone
HC02_MOE_VC69,Number Uninsured; Margin of Error; HEALTH COVERAGE BY TYPE - Private health insurance - Private health insurance alone
HC03_EST_VC69,Percent Uninsured; Estimate; HEALTH COVERAGE BY TYPE - Private health insurance - Private health insurance alone
HC03_MOE_VC69,Percent Uninsured; Margin of Error; HEALTH COVERAGE BY TYPE - Private health insurance - Private health insurance alone
HC04_EST_VC69,Number Insured by  Coverage Type; Estimate; HEALTH COVERAGE BY TYPE - Private health insurance - Private health insurance alone
HC04_MOE_VC69,Number Insured by  Coverage Type; Margin of Error; HEALTH COVERAGE BY TYPE - Private health insurance - Private health insurance alone
HC05_EST_VC69,Percent Insured by  Coverage Type; Estimate; HEALTH COVERAGE BY TYPE - Private health insurance - Private health insurance alone
HC05_MOE_VC69,Percent Insured by  Coverage Type; Margin of Error; HEALTH COVERAGE BY TYPE - Private health insurance - Private health insurance alone
HC01_EST_VC70,Total; Estimate; HEALTH COVERAGE BY TYPE - Employment-based health insurance
HC01_MOE_VC70,Total; Margin of Error; HEALTH COVERAGE BY TYPE - Employment-based health insurance
HC02_EST_VC70,Number Uninsured; Estimate; HEALTH COVERAGE BY TYPE - Employment-based health insurance
HC02_MOE_VC70,Number Uninsured; Margin of Error; HEALTH COVERAGE BY TYPE - Employment-based health insurance
HC03_EST_VC70,Percent Uninsured; Estimate; HEALTH COVERAGE BY TYPE - Employment-based health insurance
HC03_MOE_VC70,Percent Uninsured; Margin of Error; HEALTH COVERAGE BY TYPE - Employment-based health insurance
HC04_EST_VC70,Number Insured by  Coverage Type; Estimate; HEALTH COVERAGE BY TYPE - Employment-based health insurance
HC04_MOE_VC70,Number Insured by  Coverage Type; Margin of Error; HEALTH COVERAGE BY TYPE - Employment-based health insurance
HC05_EST_VC70,Percent Insured by  Coverage Type; Estimate; HEALTH COVERAGE BY TYPE - Employment-based health insurance
HC05_MOE_VC70,Percent Insured by  Coverage Type; Margin of Error; HEALTH COVERAGE BY TYPE - Employment-based health insurance
HC01_EST_VC71,Total; Estimate; HEALTH COVERAGE BY TYPE - Employment-based health insurance - Employment-based health insurance alone
HC01_MOE_VC71,Total; Margin of Error; HEALTH COVERAGE BY TYPE - Employment-based health insurance - Employment-based health insurance alone
HC02_EST_VC71,Number Uninsured; Estimate; HEALTH COVERAGE BY TYPE - Employment-based health insurance - Employment-based health insurance alone
HC02_MOE_VC71,Number Uninsured; Margin of Error; HEALTH COVERAGE BY TYPE - Employment-based health insurance - Employment-based health insurance alone
HC03_EST_VC71,Percent Uninsured; Estimate; HEALTH COVERAGE BY TYPE - Employment-based health insurance - Employment-based health insurance alone
HC03_MOE_VC71,Percent Uninsured; Margin of Error; HEALTH COVERAGE BY TYPE - Employment-based health insurance - Employment-based health insurance alone
HC04_EST_VC71,Number Insured by  Coverage Type; Estimate; HEALTH COVERAGE BY TYPE - Employment-based health insurance - Employment-based health insurance alone
HC04_MOE_VC71,Number Insured by  Coverage Type; Margin of Error; HEALTH COVERAGE BY TYPE - Employment-based health insurance - Employment-based health insurance alone
HC05_EST_VC71,Percent Insured by  Coverage Type; Estimate; HEALTH COVERAGE BY TYPE - Employment-based health insurance - Employment-based health insurance alone
HC05_MOE_VC71,Percent Insured by  Coverage Type; Margin of Error; HEALTH COVERAGE BY TYPE - Employment-based health insurance - Employment-based health insurance alone
HC01_EST_VC72,Total; Estimate; HEALTH COVERAGE BY TYPE - Direct-purchase health insurance
HC01_MOE_VC72,Total; Margin of Error; HEALTH COVERAGE BY TYPE - Direct-purchase health insurance
HC02_EST_VC72,Number Uninsured; Estimate; HEALTH COVERAGE BY TYPE - Direct-purchase health insurance
HC02_MOE_VC72,Number Uninsured; Margin of Error; HEALTH COVERAGE BY TYPE - Direct-purchase health insurance
HC03_EST_VC72,Percent Uninsured; Estimate; HEALTH COVERAGE BY TYPE - Direct-purchase health insurance
HC03_MOE_VC72,Percent Uninsured; Margin of Error; HEALTH COVERAGE BY TYPE - Direct-purchase health insurance
HC04_EST_VC72,Number Insured by  Coverage Type; Estimate; HEALTH COVERAGE BY TYPE - Direct-purchase health insurance
HC04_MOE_VC72,Number Insured by  Coverage Type; Margin of Error; HEALTH COVERAGE BY TYPE - Direct-purchase health insurance
HC05_EST_VC72,Percent Insured by  Coverage Type; Estimate; HEALTH COVERAGE BY TYPE - Direct-purchase health insurance
HC05_MOE_VC72,Percent Insured by  Coverage Type; Margin of Error; HEALTH COVERAGE BY TYPE - Direct-purchase health insurance
HC01_EST_VC73,Total; Estimate; HEALTH COVERAGE BY TYPE - Direct-purchase health insurance - Direct-purchase health insurance alone
HC01_MOE_VC73,Total; Margin of Error; HEALTH COVERAGE BY TYPE - Direct-purchase health insurance - Direct-purchase health insurance alone
HC02_EST_VC73,Number Uninsured; Estimate; HEALTH COVERAGE BY TYPE - Direct-purchase health insurance - Direct-purchase health insurance alone
HC02_MOE_VC73,Number Uninsured; Margin of Error; HEALTH COVERAGE BY TYPE - Direct-purchase health insurance - Direct-purchase health insurance alone
HC03_EST_VC73,Percent Uninsured; Estimate; HEALTH COVERAGE BY TYPE - Direct-purchase health insurance - Direct-purchase health insurance alone
HC03_MOE_VC73,Percent Uninsured; Margin of Error; HEALTH COVERAGE BY TYPE - Direct-purchase health insurance - Direct-purchase health insurance alone
HC04_EST_VC73,Number Insured by  Coverage Type; Estimate; HEALTH COVERAGE BY TYPE - Direct-purchase health insurance - Direct-purchase health insurance alone
HC04_MOE_VC73,Number Insured by  Coverage Type; Margin of Error; HEALTH COVERAGE BY TYPE - Direct-purchase health insurance - Direct-purchase health insurance alone
HC05_EST_VC73,Percent Insured by  Coverage Type; Estimate; HEALTH COVERAGE BY TYPE - Direct-purchase health insurance - Direct-purchase health insurance alone
HC05_MOE_VC73,Percent Insured by  Coverage Type; Margin of Error; HEALTH COVERAGE BY TYPE - Direct-purchase health insurance - Direct-purchase health insurance alone
HC01_EST_VC74,Total; Estimate; HEALTH COVERAGE BY TYPE - TRICARE/military health coverage
HC01_MOE_VC74,Total; Margin of Error; HEALTH COVERAGE BY TYPE - TRICARE/military health coverage
HC02_EST_VC74,Number Uninsured; Estimate; HEALTH COVERAGE BY TYPE - TRICARE/military health coverage
HC02_MOE_VC74,Number Uninsured; Margin of Error; HEALTH COVERAGE BY TYPE - TRICARE/military health coverage
HC03_EST_VC74,Percent Uninsured; Estimate; HEALTH COVERAGE BY TYPE - TRICARE/military health coverage
HC03_MOE_VC74,Percent Uninsured; Margin of Error; HEALTH COVERAGE BY TYPE - TRICARE/military health coverage
HC04_EST_VC74,Number Insured by  Coverage Type; Estimate; HEALTH COVERAGE BY TYPE - TRICARE/military health coverage
HC04_MOE_VC74,Number Insured by  Coverage Type; Margin of Error; HEALTH COVERAGE BY TYPE - TRICARE/military health coverage
HC05_EST_VC74,Percent Insured by  Coverage Type; Estimate; HEALTH COVERAGE BY TYPE - TRICARE/military health coverage
HC05_MOE_VC74,Percent Insured by  Coverage Type; Margin of Error; HEALTH COVERAGE BY TYPE - TRICARE/military health coverage
HC01_EST_VC75,Total; Estimate; HEALTH COVERAGE BY TYPE - TRICARE/military health coverage - TRICARE/military health coverage alone
HC01_MOE_VC75,Total; Margin of Error; HEALTH COVERAGE BY TYPE - TRICARE/military health coverage - TRICARE/military health coverage alone
HC02_EST_VC75,Number Uninsured; Estimate; HEALTH COVERAGE BY TYPE - TRICARE/military health coverage - TRICARE/military health coverage alone
HC02_MOE_VC75,Number Uninsured; Margin of Error; HEALTH COVERAGE BY TYPE - TRICARE/military health coverage - TRICARE/military health coverage alone
HC03_EST_VC75,Percent Uninsured; Estimate; HEALTH COVERAGE BY TYPE - TRICARE/military health coverage - TRICARE/military health coverage alone
HC03_MOE_VC75,Percent Uninsured; Margin of Error; HEALTH COVERAGE BY TYPE - TRICARE/military health coverage - TRICARE/military health coverage alone
HC04_EST_VC75,Number Insured by  Coverage Type; Estimate; HEALTH COVERAGE BY TYPE - TRICARE/military health coverage - TRICARE/military health coverage alone
HC04_MOE_VC75,Number Insured by  Coverage Type; Margin of Error; HEALTH COVERAGE BY TYPE - TRICARE/military health coverage - TRICARE/military health coverage alone
HC05_EST_VC75,Percent Insured by  Coverage Type; Estimate; HEALTH COVERAGE BY TYPE - TRICARE/military health coverage - TRICARE/military health coverage alone
HC05_MOE_VC75,Percent Insured by  Coverage Type; Margin of Error; HEALTH COVERAGE BY TYPE - TRICARE/military health coverage - TRICARE/military health coverage alone
HC01_EST_VC76,Total; Estimate; HEALTH COVERAGE BY TYPE - Public coverage
HC01_MOE_VC76,Total; Margin of Error; HEALTH COVERAGE BY TYPE - Public coverage
HC02_EST_VC76,Number Uninsured; Estimate; HEALTH COVERAGE BY TYPE - Public coverage
HC02_MOE_VC76,Number Uninsured; Margin of Error; HEALTH COVERAGE BY TYPE - Public coverage
HC03_EST_VC76,Percent Uninsured; Estimate; HEALTH COVERAGE BY TYPE - Public coverage
HC03_MOE_VC76,Percent Uninsured; Margin of Error; HEALTH COVERAGE BY TYPE - Public coverage
HC04_EST_VC76,Number Insured by  Coverage Type; Estimate; HEALTH COVERAGE BY TYPE - Public coverage
HC04_MOE_VC76,Number Insured by  Coverage Type; Margin of Error; HEALTH COVERAGE BY TYPE - Public coverage
HC05_EST_VC76,Percent Insured by  Coverage Type; Estimate; HEALTH COVERAGE BY TYPE - Public coverage
HC05_MOE_VC76,Percent Insured by  Coverage Type; Margin of Error; HEALTH COVERAGE BY TYPE - Public coverage
HC01_EST_VC77,Total; Estimate; HEALTH COVERAGE BY TYPE - Public coverage - Public coverage alone
HC01_MOE_VC77,Total; Margin of Error; HEALTH COVERAGE BY TYPE - Public coverage - Public coverage alone
HC02_EST_VC77,Number Uninsured; Estimate; HEALTH COVERAGE BY TYPE - Public coverage - Public coverage alone
HC02_MOE_VC77,Number Uninsured; Margin of Error; HEALTH COVERAGE BY TYPE - Public coverage - Public coverage alone
HC03_EST_VC77,Percent Uninsured; Estimate; HEALTH COVERAGE BY TYPE - Public coverage - Public coverage alone
HC03_MOE_VC77,Percent Uninsured; Margin of Error; HEALTH COVERAGE BY TYPE - Public coverage - Public coverage alone
HC04_EST_VC77,Number Insured by  Coverage Type; Estimate; HEALTH COVERAGE BY TYPE - Public coverage - Public coverage alone
HC04_MOE_VC77,Number Insured by  Coverage Type; Margin of Error; HEALTH COVERAGE BY TYPE - Public coverage - Public coverage alone
HC05_EST_VC77,Percent Insured by  Coverage Type; Estimate; HEALTH COVERAGE BY TYPE - Public coverage - Public coverage alone
HC05_MOE_VC77,Percent Insured by  Coverage Type; Margin of Error; HEALTH COVERAGE BY TYPE - Public coverage - Public coverage alone
HC01_EST_VC78,Total; Estimate; HEALTH COVERAGE BY TYPE - Medicare coverage
HC01_MOE_VC78,Total; Margin of Error; HEALTH COVERAGE BY TYPE - Medicare coverage
HC02_EST_VC78,Number Uninsured; Estimate; HEALTH COVERAGE BY TYPE - Medicare coverage
HC02_MOE_VC78,Number Uninsured; Margin of Error; HEALTH COVERAGE BY TYPE - Medicare coverage
HC03_EST_VC78,Percent Uninsured; Estimate; HEALTH COVERAGE BY TYPE - Medicare coverage
HC03_MOE_VC78,Percent Uninsured; Margin of Error; HEALTH COVERAGE BY TYPE - Medicare coverage
HC04_EST_VC78,Number Insured by  Coverage Type; Estimate; HEALTH COVERAGE BY TYPE - Medicare coverage
HC04_MOE_VC78,Number Insured by  Coverage Type; Margin of Error; HEALTH COVERAGE BY TYPE - Medicare coverage
HC05_EST_VC78,Percent Insured by  Coverage Type; Estimate; HEALTH COVERAGE BY TYPE - Medicare coverage
HC05_MOE_VC78,Percent Insured by  Coverage Type; Margin of Error; HEALTH COVERAGE BY TYPE - Medicare coverage
HC01_EST_VC79,Total; Estimate; HEALTH COVERAGE BY TYPE - Medicare coverage - Medicare coverage alone
HC01_MOE_VC79,Total; Margin of Error; HEALTH COVERAGE BY TYPE - Medicare coverage - Medicare coverage alone
HC02_EST_VC79,Number Uninsured; Estimate; HEALTH COVERAGE BY TYPE - Medicare coverage - Medicare coverage alone
HC02_MOE_VC79,Number Uninsured; Margin of Error; HEALTH COVERAGE BY TYPE - Medicare coverage - Medicare coverage alone
HC03_EST_VC79,Percent Uninsured; Estimate; HEALTH COVERAGE BY TYPE - Medicare coverage - Medicare coverage alone
HC03_MOE_VC79,Percent Uninsured; Margin of Error; HEALTH COVERAGE BY TYPE - Medicare coverage - Medicare coverage alone
HC04_EST_VC79,Number Insured by  Coverage Type; Estimate; HEALTH COVERAGE BY TYPE - Medicare coverage - Medicare coverage alone
HC04_MOE_VC79,Number Insured by  Coverage Type; Margin of Error; HEALTH COVERAGE BY TYPE - Medicare coverage - Medicare coverage alone
HC05_EST_VC79,Percent Insured by  Coverage Type; Estimate; HEALTH COVERAGE BY TYPE - Medicare coverage - Medicare coverage alone
HC05_MOE_VC79,Percent Insured by  Coverage Type; Margin of Error; HEALTH COVERAGE BY TYPE - Medicare coverage - Medicare coverage alone
HC01_EST_VC80,Total; Estimate; HEALTH COVERAGE BY TYPE - Medicaid/means-tested public coverage
HC01_MOE_VC80,Total; Margin of Error; HEALTH COVERAGE BY TYPE - Medicaid/means-tested public coverage
HC02_EST_VC80,Number Uninsured; Estimate; HEALTH COVERAGE BY TYPE - Medicaid/means-tested public coverage
HC02_MOE_VC80,Number Uninsured; Margin of Error; HEALTH COVERAGE BY TYPE - Medicaid/means-tested public coverage
HC03_EST_VC80,Percent Uninsured; Estimate; HEALTH COVERAGE BY TYPE - Medicaid/means-tested public coverage
HC03_MOE_VC80,Percent Uninsured; Margin of Error; HEALTH COVERAGE BY TYPE - Medicaid/means-tested public coverage
HC04_EST_VC80,Number Insured by  Coverage Type; Estimate; HEALTH COVERAGE BY TYPE - Medicaid/means-tested public coverage
HC04_MOE_VC80,Number Insured by  Coverage Type; Margin of Error; HEALTH COVERAGE BY TYPE - Medicaid/means-tested public coverage
HC05_EST_VC80,Percent Insured by  Coverage Type; Estimate; HEALTH COVERAGE BY TYPE - Medicaid/means-tested public coverage
HC05_MOE_VC80,Percent Insured by  Coverage Type; Margin of Error; HEALTH COVERAGE BY TYPE - Medicaid/means-tested public coverage
HC01_EST_VC81,Total; Estimate; HEALTH COVERAGE BY TYPE - Medicaid/means-tested public coverage - Medicaid/means-tested public coverage alone
HC01_MOE_VC81,Total; Margin of Error; HEALTH COVERAGE BY TYPE - Medicaid/means-tested public coverage - Medicaid/means-tested public coverage alone
HC02_EST_VC81,Number Uninsured; Estimate; HEALTH COVERAGE BY TYPE - Medicaid/means-tested public coverage - Medicaid/means-tested public coverage alone
HC02_MOE_VC81,Number Uninsured; Margin of Error; HEALTH COVERAGE BY TYPE - Medicaid/means-tested public coverage - Medicaid/means-tested public coverage alone
HC03_EST_VC81,Percent Uninsured; Estimate; HEALTH COVERAGE BY TYPE - Medicaid/means-tested public coverage - Medicaid/means-tested public coverage alone
HC03_MOE_VC81,Percent Uninsured; Margin of Error; HEALTH COVERAGE BY TYPE - Medicaid/means-tested public coverage - Medicaid/means-tested public coverage alone
HC04_EST_VC81,Number Insured by  Coverage Type; Estimate; HEALTH COVERAGE BY TYPE - Medicaid/means-tested public coverage - Medicaid/means-tested public coverage alone
HC04_MOE_VC81,Number Insured by  Coverage Type; Margin of Error; HEALTH COVERAGE BY TYPE - Medicaid/means-tested public coverage - Medicaid/means-tested public coverage alone
HC05_EST_VC81,Percent Insured by  Coverage Type; Estimate; HEALTH COVERAGE BY TYPE - Medicaid/means-tested public coverage - Medicaid/means-tested public coverage alone
HC05_MOE_VC81,Percent Insured by  Coverage Type; Margin of Error; HEALTH COVERAGE BY TYPE - Medicaid/means-tested public coverage - Medicaid/means-tested public coverage alone
HC01_EST_VC82,Total; Estimate; HEALTH COVERAGE BY TYPE - VA Health Care
HC01_MOE_VC82,Total; Margin of Error; HEALTH COVERAGE BY TYPE - VA Health Care
HC02_EST_VC82,Number Uninsured; Estimate; HEALTH COVERAGE BY TYPE - VA Health Care
HC02_MOE_VC82,Number Uninsured; Margin of Error; HEALTH COVERAGE BY TYPE - VA Health Care
HC03_EST_VC82,Percent Uninsured; Estimate; HEALTH COVERAGE BY TYPE - VA Health Care
HC03_MOE_VC82,Percent Uninsured; Margin of Error; HEALTH COVERAGE BY TYPE - VA Health Care
HC04_EST_VC82,Number Insured by  Coverage Type; Estimate; HEALTH COVERAGE BY TYPE - VA Health Care
HC04_MOE_VC82,Number Insured by  Coverage Type; Margin of Error; HEALTH COVERAGE BY TYPE - VA Health Care
HC05_EST_VC82,Percent Insured by  Coverage Type; Estimate; HEALTH COVERAGE BY TYPE - VA Health Care
HC05_MOE_VC82,Percent Insured by  Coverage Type; Margin of Error; HEALTH COVERAGE BY TYPE - VA Health Care
HC01_EST_VC83,Total; Estimate; HEALTH COVERAGE BY TYPE - VA Health Care - VA Health Care alone
HC01_MOE_VC83,Total; Margin of Error; HEALTH COVERAGE BY TYPE - VA Health Care - VA Health Care alone
HC02_EST_VC83,Number Uninsured; Estimate; HEALTH COVERAGE BY TYPE - VA Health Care - VA Health Care alone
HC02_MOE_VC83,Number Uninsured; Margin of Error; HEALTH COVERAGE BY TYPE - VA Health Care - VA Health Care alone
HC03_EST_VC83,Percent Uninsured; Estimate; HEALTH COVERAGE BY TYPE - VA Health Care - VA Health Care alone
HC03_MOE_VC83,Percent Uninsured; Margin of Error; HEALTH COVERAGE BY TYPE - VA Health Care - VA Health Care alone
HC04_EST_VC83,Number Insured by  Coverage Type; Estimate; HEALTH COVERAGE BY TYPE - VA Health Care - VA Health Care alone
HC04_MOE_VC83,Number Insured by  Coverage Type; Margin of Error; HEALTH COVERAGE BY TYPE - VA Health Care - VA Health Care alone
HC05_EST_VC83,Percent Insured by  Coverage Type; Estimate; HEALTH COVERAGE BY TYPE - VA Health Care - VA Health Care alone
HC05_MOE_VC83,Percent Insured by  Coverage Type; Margin of Error; HEALTH COVERAGE BY TYPE - VA Health Care - VA Health Care alone
HC01_EST_VC84,Total; Estimate; HEALTH COVERAGE BY TYPE - Uninsured
HC01_MOE_VC84,Total; Margin of Error; HEALTH COVERAGE BY TYPE - Uninsured
HC02_EST_VC84,Number Uninsured; Estimate; HEALTH COVERAGE BY TYPE - Uninsured
HC02_MOE_VC84,Number Uninsured; Margin of Error; HEALTH COVERAGE BY TYPE - Uninsured
HC03_EST_VC84,Percent Uninsured; Estimate; HEALTH COVERAGE BY TYPE - Uninsured
HC03_MOE_VC84,Percent Uninsured; Margin of Error; HEALTH COVERAGE BY TYPE - Uninsured
HC04_EST_VC84,Number Insured by  Coverage Type; Estimate; HEALTH COVERAGE BY TYPE - Uninsured
HC04_MOE_VC84,Number Insured by  Coverage Type; Margin of Error; HEALTH COVERAGE BY TYPE - Uninsured
HC05_EST_VC84,Percent Insured by  Coverage Type; Estimate; HEALTH COVERAGE BY TYPE - Uninsured
HC05_MOE_VC84,Percent Insured by  Coverage Type; Margin of Error; HEALTH COVERAGE BY TYPE - Uninsured
HC01_EST_VC87,Total; Estimate; PERCENT IMPUTED - Health insurance coverage
HC01_MOE_VC87,Total; Margin of Error; PERCENT IMPUTED - Health insurance coverage
HC02_EST_VC87,Number Uninsured; Estimate; PERCENT IMPUTED - Health insurance coverage
HC02_MOE_VC87,Number Uninsured; Margin of Error; PERCENT IMPUTED - Health insurance coverage
HC03_EST_VC87,Percent Uninsured; Estimate; PERCENT IMPUTED - Health insurance coverage
HC03_MOE_VC87,Percent Uninsured; Margin of Error; PERCENT IMPUTED - Health insurance coverage
HC04_EST_VC87,Number Insured by  Coverage Type; Estimate; PERCENT IMPUTED - Health insurance coverage
HC04_MOE_VC87,Number Insured by  Coverage Type; Margin of Error; PERCENT IMPUTED - Health insurance coverage
HC05_EST_VC87,Percent Insured by  Coverage Type; Estimate; PERCENT IMPUTED - Health insurance coverage
HC05_MOE_VC87,Percent Insured by  Coverage Type; Margin of Error; PERCENT IMPUTED - Health insurance coverage
HC01_EST_VC88,Total; Estimate; PERCENT IMPUTED - Health insurance coverage - Private health insurance
HC01_MOE_VC88,Total; Margin of Error; PERCENT IMPUTED - Health insurance coverage - Private health insurance
HC02_EST_VC88,Number Uninsured; Estimate; PERCENT IMPUTED - Health insurance coverage - Private health insurance
HC02_MOE_VC88,Number Uninsured; Margin of Error; PERCENT IMPUTED - Health insurance coverage - Private health insurance
HC03_EST_VC88,Percent Uninsured; Estimate; PERCENT IMPUTED - Health insurance coverage - Private health insurance
HC03_MOE_VC88,Percent Uninsured; Margin of Error; PERCENT IMPUTED - Health insurance coverage - Private health insurance
HC04_EST_VC88,Number Insured by  Coverage Type; Estimate; PERCENT IMPUTED - Health insurance coverage - Private health insurance
HC04_MOE_VC88,Number Insured by  Coverage Type; Margin of Error; PERCENT IMPUTED - Health insurance coverage - Private health insurance
HC05_EST_VC88,Percent Insured by  Coverage Type; Estimate; PERCENT IMPUTED - Health insurance coverage - Private health insurance
HC05_MOE_VC88,Percent Insured by  Coverage Type; Margin of Error; PERCENT IMPUTED - Health insurance coverage - Private health insurance
HC01_EST_VC89,Total; Estimate; PERCENT IMPUTED - Health insurance coverage - Private health insurance - Employer-based health insurance
HC01_MOE_VC89,Total; Margin of Error; PERCENT IMPUTED - Health insurance coverage - Private health insurance - Employer-based health insurance
HC02_EST_VC89,Number Uninsured; Estimate; PERCENT IMPUTED - Health insurance coverage - Private health insurance - Employer-based health insurance
HC02_MOE_VC89,Number Uninsured; Margin of Error; PERCENT IMPUTED - Health insurance coverage - Private health insurance - Employer-based health insurance
HC03_EST_VC89,Percent Uninsured; Estimate; PERCENT IMPUTED - Health insurance coverage - Private health insurance - Employer-based health insurance
HC03_MOE_VC89,Percent Uninsured; Margin of Error; PERCENT IMPUTED - Health insurance coverage - Private health insurance - Employer-based health insurance
HC04_EST_VC89,Number Insured by  Coverage Type; Estimate; PERCENT IMPUTED - Health insurance coverage - Private health insurance - Employer-based health insurance
HC04_MOE_VC89,Number Insured by  Coverage Type; Margin of Error; PERCENT IMPUTED - Health insurance coverage - Private health insurance - Employer-based health insurance
HC05_EST_VC89,Percent Insured by  Coverage Type; Estimate; PERCENT IMPUTED - Health insurance coverage - Private health insurance - Employer-based health insurance
HC05_MOE_VC89,Percent Insured by  Coverage Type; Margin of Error; PERCENT IMPUTED - Health insurance coverage - Private health insurance - Employer-based health insurance
HC01_EST_VC90,Total; Estimate; PERCENT IMPUTED - Health insurance coverage - Private health insurance - Direct-purchase health insurance
HC01_MOE_VC90,Total; Margin of Error; PERCENT IMPUTED - Health insurance coverage - Private health insurance - Direct-purchase health insurance
HC02_EST_VC90,Number Uninsured; Estimate; PERCENT IMPUTED - Health insurance coverage - Private health insurance - Direct-purchase health insurance
HC02_MOE_VC90,Number Uninsured; Margin of Error; PERCENT IMPUTED - Health insurance coverage - Private health insurance - Direct-purchase health insurance
HC03_EST_VC90,Percent Uninsured; Estimate; PERCENT IMPUTED - Health insurance coverage - Private health insurance - Direct-purchase health insurance
HC03_MOE_VC90,Percent Uninsured; Margin of Error; PERCENT IMPUTED - Health insurance coverage - Private health insurance - Direct-purchase health insurance
HC04_EST_VC90,Number Insured by  Coverage Type; Estimate; PERCENT IMPUTED - Health insurance coverage - Private health insurance - Direct-purchase health insurance
HC04_MOE_VC90,Number Insured by  Coverage Type; Margin of Error; PERCENT IMPUTED - Health insurance coverage - Private health insurance - Direct-purchase health insurance
HC05_EST_VC90,Percent Insured by  Coverage Type; Estimate; PERCENT IMPUTED - Health insurance coverage - Private health insurance - Direct-purchase health insurance
HC05_MOE_VC90,Percent Insured by  Coverage Type; Margin of Error; PERCENT IMPUTED - Health insurance coverage - Private health insurance - Direct-purchase health insurance
HC01_EST_VC91,Total; Estimate; PERCENT IMPUTED - Health insurance coverage - Private health insurance - TRICARE/military health coverage
HC01_MOE_VC91,Total; Margin of Error; PERCENT IMPUTED - Health insurance coverage - Private health insurance - TRICARE/military health coverage
HC02_EST_VC91,Number Uninsured; Estimate; PERCENT IMPUTED - Health insurance coverage - Private health insurance - TRICARE/military health coverage
HC02_MOE_VC91,Number Uninsured; Margin of Error; PERCENT IMPUTED - Health insurance coverage - Private health insurance - TRICARE/military health coverage
HC03_EST_VC91,Percent Uninsured; Estimate; PERCENT IMPUTED - Health insurance coverage - Private health insurance - TRICARE/military health coverage
HC03_MOE_VC91,Percent Uninsured; Margin of Error; PERCENT IMPUTED - Health insurance coverage - Private health insurance - TRICARE/military health coverage
HC04_EST_VC91,Number Insured by  Coverage Type; Estimate; PERCENT IMPUTED - Health insurance coverage - Private health insurance - TRICARE/military health coverage
HC04_MOE_VC91,Number Insured by  Coverage Type; Margin of Error; PERCENT IMPUTED - Health insurance coverage - Private health insurance - TRICARE/military health coverage
HC05_EST_VC91,Percent Insured by  Coverage Type; Estimate; PERCENT IMPUTED - Health insurance coverage - Private health insurance - TRICARE/military health coverage
HC05_MOE_VC91,Percent Insured by  Coverage Type; Margin of Error; PERCENT IMPUTED - Health insurance coverage - Private health insurance - TRICARE/military health coverage
HC01_EST_VC92,Total; Estimate; PERCENT IMPUTED - Health insurance coverage - Public coverage
HC01_MOE_VC92,Total; Margin of Error; PERCENT IMPUTED - Health insurance coverage - Public coverage
HC02_EST_VC92,Number Uninsured; Estimate; PERCENT IMPUTED - Health insurance coverage - Public coverage
HC02_MOE_VC92,Number Uninsured; Margin of Error; PERCENT IMPUTED - Health insurance coverage - Public coverage
HC03_EST_VC92,Percent Uninsured; Estimate; PERCENT IMPUTED - Health insurance coverage - Public coverage
HC03_MOE_VC92,Percent Uninsured; Margin of Error; PERCENT IMPUTED - Health insurance coverage - Public coverage
HC04_EST_VC92,Number Insured by  Coverage Type; Estimate; PERCENT IMPUTED - Health insurance coverage - Public coverage
HC04_MOE_VC92,Number Insured by  Coverage Type; Margin of Error; PERCENT IMPUTED - Health insurance coverage - Public coverage
HC05_EST_VC92,Percent Insured by  Coverage Type; Estimate; PERCENT IMPUTED - Health insurance coverage - Public coverage
HC05_MOE_VC92,Percent Insured by  Coverage Type; Margin of Error; PERCENT IMPUTED - Health insurance coverage - Public coverage
HC01_EST_VC93,Total; Estimate; PERCENT IMPUTED - Health insurance coverage - Public coverage - Medicare coverage
HC01_MOE_VC93,Total; Margin of Error; PERCENT IMPUTED - Health insurance coverage - Public coverage - Medicare coverage
HC02_EST_VC93,Number Uninsured; Estimate; PERCENT IMPUTED - Health insurance coverage - Public coverage - Medicare coverage
HC02_MOE_VC93,Number Uninsured; Margin of Error; PERCENT IMPUTED - Health insurance coverage - Public coverage - Medicare coverage
HC03_EST_VC93,Percent Uninsured; Estimate; PERCENT IMPUTED - Health insurance coverage - Public coverage - Medicare coverage
HC03_MOE_VC93,Percent Uninsured; Margin of Error; PERCENT IMPUTED - Health insurance coverage - Public coverage - Medicare coverage
HC04_EST_VC93,Number Insured by  Coverage Type; Estimate; PERCENT IMPUTED - Health insurance coverage - Public coverage - Medicare coverage
HC04_MOE_VC93,Number Insured by  Coverage Type; Margin of Error; PERCENT IMPUTED - Health insurance coverage - Public coverage - Medicare coverage
HC05_EST_VC93,Percent Insured by  Coverage Type; Estimate; PERCENT IMPUTED - Health insurance coverage - Public coverage - Medicare coverage
HC05_MOE_VC93,Percent Insured by  Coverage Type; Margin of Error; PERCENT IMPUTED - Health insurance coverage - Public coverage - Medicare coverage
HC01_EST_VC94,Total; Estimate; PERCENT IMPUTED - Health insurance coverage - Public coverage - Medicaid/means-tested public coverage
HC01_MOE_VC94,Total; Margin of Error; PERCENT IMPUTED - Health insurance coverage - Public coverage - Medicaid/means-tested public coverage
HC02_EST_VC94,Number Uninsured; Estimate; PERCENT IMPUTED - Health insurance coverage - Public coverage - Medicaid/means-tested public coverage
HC02_MOE_VC94,Number Uninsured; Margin of Error; PERCENT IMPUTED - Health insurance coverage - Public coverage - Medicaid/means-tested public coverage
HC03_EST_VC94,Percent Uninsured; Estimate; PERCENT IMPUTED - Health insurance coverage - Public coverage - Medicaid/means-tested public coverage
HC03_MOE_VC94,Percent Uninsured; Margin of Error; PERCENT IMPUTED - Health insurance coverage - Public coverage - Medicaid/means-tested public coverage
HC04_EST_VC94,Number Insured by  Coverage Type; Estimate; PERCENT IMPUTED - Health insurance coverage - Public coverage - Medicaid/means-tested public coverage
HC04_MOE_VC94,Number Insured by  Coverage Type; Margin of Error; PERCENT IMPUTED - Health insurance coverage - Public coverage - Medicaid/means-tested public coverage
HC05_EST_VC94,Percent Insured by  Coverage Type; Estimate; PERCENT IMPUTED - Health insurance coverage - Public coverage - Medicaid/means-tested public coverage
HC05_MOE_VC94,Percent Insured by  Coverage Type; Margin of Error; PERCENT IMPUTED - Health insurance coverage - Public coverage - Medicaid/means-tested public coverage
HC01_EST_VC95,Total; Estimate; PERCENT IMPUTED - Health insurance coverage - Public coverage - VA Health Care
HC01_MOE_VC95,Total; Margin of Error; PERCENT IMPUTED - Health insurance coverage - Public coverage - VA Health Care
HC02_EST_VC95,Number Uninsured; Estimate; PERCENT IMPUTED - Health insurance coverage - Public coverage - VA Health Care
HC02_MOE_VC95,Number Uninsured; Margin of Error; PERCENT IMPUTED - Health insurance coverage - Public coverage - VA Health Care
HC03_EST_VC95,Percent Uninsured; Estimate; PERCENT IMPUTED - Health insurance coverage - Public coverage - VA Health Care
HC03_MOE_VC95,Percent Uninsured; Margin of Error; PERCENT IMPUTED - Health insurance coverage - Public coverage - VA Health Care
HC04_EST_VC95,Number Insured by  Coverage Type; Estimate; PERCENT IMPUTED - Health insurance coverage - Public coverage - VA Health Care
HC04_MOE_VC95,Number Insured by  Coverage Type; Margin of Error; PERCENT IMPUTED - Health insurance coverage - Public coverage - VA Health Care
HC05_EST_VC95,Percent Insured by  Coverage Type; Estimate; PERCENT IMPUTED - Health insurance coverage - Public coverage - VA Health Care
HC05_MOE_VC95,Percent Insured by  Coverage Type; Margin of Error; PERCENT IMPUTED - Health insurance coverage - Public coverage - VA Health Care
